name,uce_site,aln_site,window_start,window_stop,type,value,plot_mtx
chr3_5478,-306,229332,67,556,entropy,-0.0,-1
chr3_5478,-305,229333,67,556,entropy,-0.0,-1
chr3_5478,-304,229334,67,556,entropy,0.5435644432,-1
chr3_5478,-303,229335,67,556,entropy,0.5435644432,-1
chr3_5478,-302,229336,67,556,entropy,0.811278124459,-1
chr3_5478,-301,229337,67,556,entropy,0.5435644432,-1
chr3_5478,-300,229338,67,556,entropy,-0.0,-1
chr3_5478,-299,229339,67,556,entropy,0.811278124459,-1
chr3_5478,-298,229340,67,556,entropy,-0.0,-1
chr3_5478,-297,229341,67,556,entropy,-0.0,-1
chr3_5478,-296,229342,67,556,entropy,0.811278124459,-1
chr3_5478,-295,229343,67,556,entropy,-0.0,-1
chr3_5478,-294,229344,67,556,entropy,0.811278124459,-1
chr3_5478,-293,229345,67,556,entropy,0.811278124459,-1
chr3_5478,-292,229346,67,556,entropy,-0.0,-1
chr3_5478,-291,229347,67,556,entropy,-0.0,-1
chr3_5478,-290,229348,67,556,entropy,-0.0,-1
chr3_5478,-289,229349,67,556,entropy,-0.0,-1
chr3_5478,-288,229350,67,556,entropy,-0.0,-1
chr3_5478,-287,229351,67,556,entropy,-0.0,-1
chr3_5478,-286,229352,67,556,entropy,-0.0,-1
chr3_5478,-285,229353,67,556,entropy,-0.0,-1
chr3_5478,-284,229354,67,556,entropy,-0.0,-1
chr3_5478,-283,229355,67,556,entropy,0.503258334776,-1
chr3_5478,-282,229356,67,556,entropy,0.986426728731,-1
chr3_5478,-281,229357,67,556,entropy,0.764204506509,-1
chr3_5478,-280,229358,67,556,entropy,-0.0,-1
chr3_5478,-279,229359,67,556,entropy,-0.0,-1
chr3_5478,-278,229360,67,556,entropy,-0.0,-1
chr3_5478,-277,229361,67,556,entropy,0.503258334776,-1
chr3_5478,-276,229362,67,556,entropy,-0.0,-1
chr3_5478,-275,229363,67,556,entropy,-0.0,-1
chr3_5478,-274,229364,67,556,entropy,0.503258334776,-1
chr3_5478,-273,229365,67,556,entropy,0.503258334776,-1
chr3_5478,-272,229366,67,556,entropy,0.503258334776,-1
chr3_5478,-271,229367,67,556,entropy,0.503258334776,-1
chr3_5478,-270,229368,67,556,entropy,-0.0,-1
chr3_5478,-269,229369,67,556,entropy,-0.0,-1
chr3_5478,-268,229370,67,556,entropy,-0.0,-1
chr3_5478,-267,229371,67,556,entropy,-0.0,-1
chr3_5478,-266,229372,67,556,entropy,-0.0,-1
chr3_5478,-265,229373,67,556,entropy,0.503258334776,-1
chr3_5478,-264,229374,67,556,entropy,-0.0,-1
chr3_5478,-263,229375,67,556,entropy,0.503258334776,-1
chr3_5478,-262,229376,67,556,entropy,-0.0,-1
chr3_5478,-261,229377,67,556,entropy,1.22439444541,-1
chr3_5478,-260,229378,67,556,entropy,-0.0,-1
chr3_5478,-259,229379,67,556,entropy,-0.0,-1
chr3_5478,-258,229380,67,556,entropy,0.918295834054,-1
chr3_5478,-257,229381,67,556,entropy,0.503258334776,-1
chr3_5478,-256,229382,67,556,entropy,-0.0,-1
chr3_5478,-255,229383,67,556,entropy,-0.0,-1
chr3_5478,-254,229384,67,556,entropy,-0.0,-1
chr3_5478,-253,229385,67,556,entropy,-0.0,-1
chr3_5478,-252,229386,67,556,entropy,-0.0,-1
chr3_5478,-251,229387,67,556,entropy,-0.0,-1
chr3_5478,-250,229388,67,556,entropy,-0.0,-1
chr3_5478,-249,229389,67,556,entropy,-0.0,-1
chr3_5478,-248,229390,67,556,entropy,-0.0,-1
chr3_5478,-247,229391,67,556,entropy,-0.0,-1
chr3_5478,-246,229392,67,556,entropy,0.468995593589,-1
chr3_5478,-245,229393,67,556,entropy,-0.0,-1
chr3_5478,-244,229394,67,556,entropy,-0.0,-1
chr3_5478,-243,229395,67,556,entropy,0.721928094887,-1
chr3_5478,-242,229396,67,556,entropy,0.468995593589,-1
chr3_5478,-241,229397,67,556,entropy,0.721928094887,-1
chr3_5478,-240,229398,67,556,entropy,0.881290899231,-1
chr3_5478,-239,229399,67,556,entropy,-0.0,0
chr3_5478,-238,229400,67,556,entropy,-0.0,0
chr3_5478,-237,229401,67,556,entropy,-0.0,0
chr3_5478,-236,229402,67,556,entropy,-0.0,0
chr3_5478,-235,229403,67,556,entropy,-0.0,0
chr3_5478,-234,229404,67,556,entropy,-0.0,0
chr3_5478,-233,229405,67,556,entropy,0.468995593589,0
chr3_5478,-232,229406,67,556,entropy,-0.0,0
chr3_5478,-231,229407,67,556,entropy,-0.0,0
chr3_5478,-230,229408,67,556,entropy,-0.0,0
chr3_5478,-229,229409,67,556,entropy,-0.0,0
chr3_5478,-228,229410,67,556,entropy,0.721928094887,0
chr3_5478,-227,229411,67,556,entropy,-0.0,0
chr3_5478,-226,229412,67,556,entropy,-0.0,0
chr3_5478,-225,229413,67,556,entropy,-0.0,0
chr3_5478,-224,229414,67,556,entropy,-0.0,0
chr3_5478,-223,229415,67,556,entropy,-0.0,0
chr3_5478,-222,229416,67,556,entropy,-0.0,0
chr3_5478,-221,229417,67,556,entropy,-0.0,0
chr3_5478,-220,229418,67,556,entropy,-0.0,0
chr3_5478,-219,229419,67,556,entropy,-0.0,0
chr3_5478,-218,229420,67,556,entropy,-0.0,0
chr3_5478,-217,229421,67,556,entropy,-0.0,0
chr3_5478,-216,229422,67,556,entropy,-0.0,0
chr3_5478,-215,229423,67,556,entropy,-0.0,0
chr3_5478,-214,229424,67,556,entropy,1.15677964945,0
chr3_5478,-213,229425,67,556,entropy,0.721928094887,0
chr3_5478,-212,229426,67,556,entropy,-0.0,0
chr3_5478,-211,229427,67,556,entropy,-0.0,0
chr3_5478,-210,229428,67,556,entropy,-0.0,0
chr3_5478,-209,229429,67,556,entropy,-0.0,0
chr3_5478,-208,229430,67,556,entropy,-0.0,0
chr3_5478,-207,229431,67,556,entropy,-0.0,0
chr3_5478,-206,229432,67,556,entropy,-0.0,0
chr3_5478,-205,229433,67,556,entropy,-0.0,0
chr3_5478,-204,229434,67,556,entropy,-0.0,0
chr3_5478,-203,229435,67,556,entropy,-0.0,0
chr3_5478,-202,229436,67,556,entropy,-0.0,0
chr3_5478,-201,229437,67,556,entropy,-0.0,0
chr3_5478,-200,229438,67,556,entropy,-0.0,0
chr3_5478,-199,229439,67,556,entropy,-0.0,0
chr3_5478,-198,229440,67,556,entropy,-0.0,0
chr3_5478,-197,229441,67,556,entropy,-0.0,0
chr3_5478,-196,229442,67,556,entropy,-0.0,0
chr3_5478,-195,229443,67,556,entropy,-0.0,0
chr3_5478,-194,229444,67,556,entropy,-0.0,0
chr3_5478,-193,229445,67,556,entropy,-0.0,0
chr3_5478,-192,229446,67,556,entropy,0.468995593589,0
chr3_5478,-191,229447,67,556,entropy,-0.0,0
chr3_5478,-190,229448,67,556,entropy,-0.0,0
chr3_5478,-189,229449,67,556,entropy,-0.0,0
chr3_5478,-188,229450,67,556,entropy,-0.0,0
chr3_5478,-187,229451,67,556,entropy,-0.0,0
chr3_5478,-186,229452,67,556,entropy,-0.0,0
chr3_5478,-185,229453,67,556,entropy,-0.0,0
chr3_5478,-184,229454,67,556,entropy,-0.0,0
chr3_5478,-183,229455,67,556,entropy,-0.0,0
chr3_5478,-182,229456,67,556,entropy,-0.0,0
chr3_5478,-181,229457,67,556,entropy,-0.0,0
chr3_5478,-180,229458,67,556,entropy,-0.0,0
chr3_5478,-179,229459,67,556,entropy,-0.0,0
chr3_5478,-178,229460,67,556,entropy,-0.0,0
chr3_5478,-177,229461,67,556,entropy,-0.0,0
chr3_5478,-176,229462,67,556,entropy,-0.0,0
chr3_5478,-175,229463,67,556,entropy,-0.0,0
chr3_5478,-174,229464,67,556,entropy,-0.0,0
chr3_5478,-173,229465,67,556,entropy,-0.0,0
chr3_5478,-172,229466,67,556,entropy,-0.0,0
chr3_5478,-171,229467,67,556,entropy,-0.0,0
chr3_5478,-170,229468,67,556,entropy,-0.0,0
chr3_5478,-169,229469,67,556,entropy,-0.0,0
chr3_5478,-168,229470,67,556,entropy,-0.0,0
chr3_5478,-167,229471,67,556,entropy,-0.0,0
chr3_5478,-166,229472,67,556,entropy,-0.0,0
chr3_5478,-165,229473,67,556,entropy,-0.0,0
chr3_5478,-164,229474,67,556,entropy,-0.0,0
chr3_5478,-163,229475,67,556,entropy,-0.0,0
chr3_5478,-162,229476,67,556,entropy,-0.0,0
chr3_5478,-161,229477,67,556,entropy,-0.0,0
chr3_5478,-160,229478,67,556,entropy,-0.0,0
chr3_5478,-159,229479,67,556,entropy,-0.0,0
chr3_5478,-158,229480,67,556,entropy,-0.0,0
chr3_5478,-157,229481,67,556,entropy,-0.0,0
chr3_5478,-156,229482,67,556,entropy,-0.0,0
chr3_5478,-155,229483,67,556,entropy,-0.0,0
chr3_5478,-154,229484,67,556,entropy,-0.0,0
chr3_5478,-153,229485,67,556,entropy,-0.0,0
chr3_5478,-152,229486,67,556,entropy,-0.0,0
chr3_5478,-151,229487,67,556,entropy,0.468995593589,0
chr3_5478,-150,229488,67,556,entropy,-0.0,0
chr3_5478,-149,229489,67,556,entropy,-0.0,0
chr3_5478,-148,229490,67,556,entropy,-0.0,0
chr3_5478,-147,229491,67,556,entropy,-0.0,0
chr3_5478,-146,229492,67,556,entropy,-0.0,0
chr3_5478,-145,229493,67,556,entropy,-0.0,0
chr3_5478,-144,229494,67,556,entropy,-0.0,0
chr3_5478,-143,229495,67,556,entropy,-0.0,0
chr3_5478,-142,229496,67,556,entropy,-0.0,0
chr3_5478,-141,229497,67,556,entropy,-0.0,0
chr3_5478,-140,229498,67,556,entropy,-0.0,0
chr3_5478,-139,229499,67,556,entropy,-0.0,0
chr3_5478,-138,229500,67,556,entropy,-0.0,0
chr3_5478,-137,229501,67,556,entropy,-0.0,0
chr3_5478,-136,229502,67,556,entropy,-0.0,0
chr3_5478,-135,229503,67,556,entropy,-0.0,0
chr3_5478,-134,229504,67,556,entropy,-0.0,0
chr3_5478,-133,229505,67,556,entropy,0.468995593589,0
chr3_5478,-132,229506,67,556,entropy,-0.0,0
chr3_5478,-131,229507,67,556,entropy,-0.0,0
chr3_5478,-130,229508,67,556,entropy,-0.0,0
chr3_5478,-129,229509,67,556,entropy,-0.0,0
chr3_5478,-128,229510,67,556,entropy,-0.0,0
chr3_5478,-127,229511,67,556,entropy,-0.0,0
chr3_5478,-126,229512,67,556,entropy,-0.0,0
chr3_5478,-125,229513,67,556,entropy,-0.0,0
chr3_5478,-124,229514,67,556,entropy,-0.0,0
chr3_5478,-123,229515,67,556,entropy,-0.0,0
chr3_5478,-122,229516,67,556,entropy,-0.0,0
chr3_5478,-121,229517,67,556,entropy,-0.0,0
chr3_5478,-120,229518,67,556,entropy,-0.0,0
chr3_5478,-119,229519,67,556,entropy,-0.0,0
chr3_5478,-118,229520,67,556,entropy,-0.0,0
chr3_5478,-117,229521,67,556,entropy,-0.0,0
chr3_5478,-116,229522,67,556,entropy,-0.0,0
chr3_5478,-115,229523,67,556,entropy,-0.0,0
chr3_5478,-114,229524,67,556,entropy,-0.0,0
chr3_5478,-113,229525,67,556,entropy,0.468995593589,0
chr3_5478,-112,229526,67,556,entropy,-0.0,0
chr3_5478,-111,229527,67,556,entropy,-0.0,0
chr3_5478,-110,229528,67,556,entropy,0.468995593589,0
chr3_5478,-109,229529,67,556,entropy,-0.0,0
chr3_5478,-108,229530,67,556,entropy,-0.0,0
chr3_5478,-107,229531,67,556,entropy,-0.0,0
chr3_5478,-106,229532,67,556,entropy,-0.0,0
chr3_5478,-105,229533,67,556,entropy,-0.0,0
chr3_5478,-104,229534,67,556,entropy,-0.0,0
chr3_5478,-103,229535,67,556,entropy,-0.0,0
chr3_5478,-102,229536,67,556,entropy,-0.0,0
chr3_5478,-101,229537,67,556,entropy,-0.0,0
chr3_5478,-100,229538,67,556,entropy,-0.0,0
chr3_5478,-99,229539,67,556,entropy,-0.0,0
chr3_5478,-98,229540,67,556,entropy,-0.0,0
chr3_5478,-97,229541,67,556,entropy,-0.0,0
chr3_5478,-96,229542,67,556,entropy,-0.0,0
chr3_5478,-95,229543,67,556,entropy,-0.0,0
chr3_5478,-94,229544,67,556,entropy,-0.0,0
chr3_5478,-93,229545,67,556,entropy,-0.0,0
chr3_5478,-92,229546,67,556,entropy,-0.0,0
chr3_5478,-91,229547,67,556,entropy,-0.0,0
chr3_5478,-90,229548,67,556,entropy,-0.0,0
chr3_5478,-89,229549,67,556,entropy,-0.0,0
chr3_5478,-88,229550,67,556,entropy,-0.0,0
chr3_5478,-87,229551,67,556,entropy,-0.0,0
chr3_5478,-86,229552,67,556,entropy,-0.0,0
chr3_5478,-85,229553,67,556,entropy,-0.0,0
chr3_5478,-84,229554,67,556,entropy,-0.0,0
chr3_5478,-83,229555,67,556,entropy,-0.0,0
chr3_5478,-82,229556,67,556,entropy,-0.0,0
chr3_5478,-81,229557,67,556,entropy,-0.0,0
chr3_5478,-80,229558,67,556,entropy,-0.0,0
chr3_5478,-79,229559,67,556,entropy,-0.0,0
chr3_5478,-78,229560,67,556,entropy,-0.0,0
chr3_5478,-77,229561,67,556,entropy,-0.0,0
chr3_5478,-76,229562,67,556,entropy,-0.0,0
chr3_5478,-75,229563,67,556,entropy,-0.0,0
chr3_5478,-74,229564,67,556,entropy,-0.0,0
chr3_5478,-73,229565,67,556,entropy,-0.0,0
chr3_5478,-72,229566,67,556,entropy,-0.0,0
chr3_5478,-71,229567,67,556,entropy,-0.0,0
chr3_5478,-70,229568,67,556,entropy,-0.0,0
chr3_5478,-69,229569,67,556,entropy,-0.0,0
chr3_5478,-68,229570,67,556,entropy,-0.0,0
chr3_5478,-67,229571,67,556,entropy,-0.0,0
chr3_5478,-66,229572,67,556,entropy,-0.0,0
chr3_5478,-65,229573,67,556,entropy,-0.0,0
chr3_5478,-64,229574,67,556,entropy,-0.0,0
chr3_5478,-63,229575,67,556,entropy,-0.0,0
chr3_5478,-62,229576,67,556,entropy,-0.0,0
chr3_5478,-61,229577,67,556,entropy,-0.0,0
chr3_5478,-60,229578,67,556,entropy,-0.0,0
chr3_5478,-59,229579,67,556,entropy,-0.0,0
chr3_5478,-58,229580,67,556,entropy,-0.0,0
chr3_5478,-57,229581,67,556,entropy,-0.0,0
chr3_5478,-56,229582,67,556,entropy,-0.0,0
chr3_5478,-55,229583,67,556,entropy,-0.0,0
chr3_5478,-54,229584,67,556,entropy,-0.0,0
chr3_5478,-53,229585,67,556,entropy,-0.0,0
chr3_5478,-52,229586,67,556,entropy,-0.0,0
chr3_5478,-51,229587,67,556,entropy,-0.0,0
chr3_5478,-50,229588,67,556,entropy,-0.0,0
chr3_5478,-49,229589,67,556,entropy,-0.0,0
chr3_5478,-48,229590,67,556,entropy,-0.0,0
chr3_5478,-47,229591,67,556,entropy,-0.0,0
chr3_5478,-46,229592,67,556,entropy,-0.0,0
chr3_5478,-45,229593,67,556,entropy,-0.0,0
chr3_5478,-44,229594,67,556,entropy,-0.0,0
chr3_5478,-43,229595,67,556,entropy,-0.0,0
chr3_5478,-42,229596,67,556,entropy,-0.0,0
chr3_5478,-41,229597,67,556,entropy,-0.0,0
chr3_5478,-40,229598,67,556,entropy,-0.0,0
chr3_5478,-39,229599,67,556,entropy,-0.0,0
chr3_5478,-38,229600,67,556,entropy,-0.0,0
chr3_5478,-37,229601,67,556,entropy,0.0,0
chr3_5478,-36,229602,67,556,entropy,0.0,0
chr3_5478,-35,229603,67,556,entropy,0.0,0
chr3_5478,-34,229604,67,556,entropy,0.0,0
chr3_5478,-33,229605,67,556,entropy,0.0,0
chr3_5478,-32,229606,67,556,entropy,0.0,0
chr3_5478,-31,229607,67,556,entropy,0.0,0
chr3_5478,-30,229608,67,556,entropy,0.0,0
chr3_5478,-29,229609,67,556,entropy,0.0,0
chr3_5478,-28,229610,67,556,entropy,0.0,0
chr3_5478,-27,229611,67,556,entropy,-0.0,0
chr3_5478,-26,229612,67,556,entropy,-0.0,0
chr3_5478,-25,229613,67,556,entropy,-0.0,0
chr3_5478,-24,229614,67,556,entropy,-0.0,0
chr3_5478,-23,229615,67,556,entropy,-0.0,0
chr3_5478,-22,229616,67,556,entropy,-0.0,0
chr3_5478,-21,229617,67,556,entropy,-0.0,0
chr3_5478,-20,229618,67,556,entropy,-0.0,0
chr3_5478,-19,229619,67,556,entropy,-0.0,0
chr3_5478,-18,229620,67,556,entropy,0.468995593589,0
chr3_5478,-17,229621,67,556,entropy,-0.0,0
chr3_5478,-16,229622,67,556,entropy,-0.0,0
chr3_5478,-15,229623,67,556,entropy,-0.0,0
chr3_5478,-14,229624,67,556,entropy,-0.0,0
chr3_5478,-13,229625,67,556,entropy,-0.0,0
chr3_5478,-12,229626,67,556,entropy,-0.0,0
chr3_5478,-11,229627,67,556,entropy,-0.0,0
chr3_5478,-10,229628,67,556,entropy,-0.0,0
chr3_5478,-9,229629,67,556,entropy,-0.0,0
chr3_5478,-8,229630,67,556,entropy,-0.0,0
chr3_5478,-7,229631,67,556,entropy,-0.0,0
chr3_5478,-6,229632,67,556,entropy,-0.0,0
chr3_5478,-5,229633,67,556,entropy,-0.0,0
chr3_5478,-4,229634,67,556,entropy,-0.0,0
chr3_5478,-3,229635,67,556,entropy,-0.0,0
chr3_5478,-2,229636,67,556,entropy,-0.0,0
chr3_5478,-1,229637,67,556,entropy,-0.0,0
chr3_5478,0,229638,67,556,entropy,-0.0,0
chr3_5478,1,229639,67,556,entropy,-0.0,0
chr3_5478,2,229640,67,556,entropy,-0.0,0
chr3_5478,3,229641,67,556,entropy,-0.0,0
chr3_5478,4,229642,67,556,entropy,-0.0,0
chr3_5478,5,229643,67,556,entropy,-0.0,0
chr3_5478,6,229644,67,556,entropy,-0.0,0
chr3_5478,7,229645,67,556,entropy,-0.0,0
chr3_5478,8,229646,67,556,entropy,-0.0,0
chr3_5478,9,229647,67,556,entropy,-0.0,0
chr3_5478,10,229648,67,556,entropy,-0.0,0
chr3_5478,11,229649,67,556,entropy,-0.0,0
chr3_5478,12,229650,67,556,entropy,-0.0,0
chr3_5478,13,229651,67,556,entropy,0.468995593589,0
chr3_5478,14,229652,67,556,entropy,-0.0,0
chr3_5478,15,229653,67,556,entropy,-0.0,0
chr3_5478,16,229654,67,556,entropy,-0.0,0
chr3_5478,17,229655,67,556,entropy,-0.0,0
chr3_5478,18,229656,67,556,entropy,-0.0,0
chr3_5478,19,229657,67,556,entropy,-0.0,0
chr3_5478,20,229658,67,556,entropy,-0.0,0
chr3_5478,21,229659,67,556,entropy,-0.0,0
chr3_5478,22,229660,67,556,entropy,-0.0,0
chr3_5478,23,229661,67,556,entropy,-0.0,0
chr3_5478,24,229662,67,556,entropy,-0.0,0
chr3_5478,25,229663,67,556,entropy,-0.0,0
chr3_5478,26,229664,67,556,entropy,-0.0,0
chr3_5478,27,229665,67,556,entropy,-0.0,0
chr3_5478,28,229666,67,556,entropy,-0.0,0
chr3_5478,29,229667,67,556,entropy,-0.0,0
chr3_5478,30,229668,67,556,entropy,-0.0,0
chr3_5478,31,229669,67,556,entropy,-0.0,0
chr3_5478,32,229670,67,556,entropy,-0.0,0
chr3_5478,33,229671,67,556,entropy,-0.0,0
chr3_5478,34,229672,67,556,entropy,-0.0,0
chr3_5478,35,229673,67,556,entropy,-0.0,0
chr3_5478,36,229674,67,556,entropy,-0.0,0
chr3_5478,37,229675,67,556,entropy,-0.0,0
chr3_5478,38,229676,67,556,entropy,-0.0,0
chr3_5478,39,229677,67,556,entropy,-0.0,0
chr3_5478,40,229678,67,556,entropy,-0.0,0
chr3_5478,41,229679,67,556,entropy,-0.0,0
chr3_5478,42,229680,67,556,entropy,-0.0,0
chr3_5478,43,229681,67,556,entropy,-0.0,0
chr3_5478,44,229682,67,556,entropy,-0.0,0
chr3_5478,45,229683,67,556,entropy,-0.0,0
chr3_5478,46,229684,67,556,entropy,-0.0,0
chr3_5478,47,229685,67,556,entropy,0.468995593589,0
chr3_5478,48,229686,67,556,entropy,-0.0,0
chr3_5478,49,229687,67,556,entropy,-0.0,0
chr3_5478,50,229688,67,556,entropy,-0.0,0
chr3_5478,51,229689,67,556,entropy,-0.0,0
chr3_5478,52,229690,67,556,entropy,-0.0,0
chr3_5478,53,229691,67,556,entropy,-0.0,0
chr3_5478,54,229692,67,556,entropy,-0.0,0
chr3_5478,55,229693,67,556,entropy,-0.0,0
chr3_5478,56,229694,67,556,entropy,-0.0,0
chr3_5478,57,229695,67,556,entropy,-0.0,0
chr3_5478,58,229696,67,556,entropy,-0.0,0
chr3_5478,59,229697,67,556,entropy,-0.0,0
chr3_5478,60,229698,67,556,entropy,-0.0,0
chr3_5478,61,229699,67,556,entropy,-0.0,0
chr3_5478,62,229700,67,556,entropy,-0.0,0
chr3_5478,63,229701,67,556,entropy,-0.0,0
chr3_5478,64,229702,67,556,entropy,-0.0,0
chr3_5478,65,229703,67,556,entropy,-0.0,0
chr3_5478,66,229704,67,556,entropy,-0.0,0
chr3_5478,67,229705,67,556,entropy,-0.0,0
chr3_5478,68,229706,67,556,entropy,-0.0,0
chr3_5478,69,229707,67,556,entropy,-0.0,0
chr3_5478,70,229708,67,556,entropy,-0.0,0
chr3_5478,71,229709,67,556,entropy,-0.0,0
chr3_5478,72,229710,67,556,entropy,-0.0,0
chr3_5478,73,229711,67,556,entropy,-0.0,0
chr3_5478,74,229712,67,556,entropy,-0.0,0
chr3_5478,75,229713,67,556,entropy,-0.0,0
chr3_5478,76,229714,67,556,entropy,-0.0,0
chr3_5478,77,229715,67,556,entropy,-0.0,0
chr3_5478,78,229716,67,556,entropy,-0.0,0
chr3_5478,79,229717,67,556,entropy,-0.0,0
chr3_5478,80,229718,67,556,entropy,-0.0,0
chr3_5478,81,229719,67,556,entropy,-0.0,0
chr3_5478,82,229720,67,556,entropy,-0.0,0
chr3_5478,83,229721,67,556,entropy,-0.0,0
chr3_5478,84,229722,67,556,entropy,-0.0,0
chr3_5478,85,229723,67,556,entropy,-0.0,0
chr3_5478,86,229724,67,556,entropy,-0.0,0
chr3_5478,87,229725,67,556,entropy,-0.0,0
chr3_5478,88,229726,67,556,entropy,-0.0,0
chr3_5478,89,229727,67,556,entropy,-0.0,0
chr3_5478,90,229728,67,556,entropy,-0.0,0
chr3_5478,91,229729,67,556,entropy,-0.0,0
chr3_5478,92,229730,67,556,entropy,-0.0,0
chr3_5478,93,229731,67,556,entropy,0.721928094887,0
chr3_5478,94,229732,67,556,entropy,-0.0,0
chr3_5478,95,229733,67,556,entropy,-0.0,0
chr3_5478,96,229734,67,556,entropy,-0.0,0
chr3_5478,97,229735,67,556,entropy,-0.0,0
chr3_5478,98,229736,67,556,entropy,-0.0,0
chr3_5478,99,229737,67,556,entropy,-0.0,0
chr3_5478,100,229738,67,556,entropy,-0.0,0
chr3_5478,101,229739,67,556,entropy,-0.0,0
chr3_5478,102,229740,67,556,entropy,-0.0,0
chr3_5478,103,229741,67,556,entropy,-0.0,0
chr3_5478,104,229742,67,556,entropy,-0.0,0
chr3_5478,105,229743,67,556,entropy,-0.0,0
chr3_5478,106,229744,67,556,entropy,-0.0,0
chr3_5478,107,229745,67,556,entropy,-0.0,0
chr3_5478,108,229746,67,556,entropy,-0.0,0
chr3_5478,109,229747,67,556,entropy,-0.0,0
chr3_5478,110,229748,67,556,entropy,-0.0,0
chr3_5478,111,229749,67,556,entropy,-0.0,0
chr3_5478,112,229750,67,556,entropy,-0.0,0
chr3_5478,113,229751,67,556,entropy,-0.0,0
chr3_5478,114,229752,67,556,entropy,-0.0,0
chr3_5478,115,229753,67,556,entropy,-0.0,0
chr3_5478,116,229754,67,556,entropy,-0.0,0
chr3_5478,117,229755,67,556,entropy,-0.0,0
chr3_5478,118,229756,67,556,entropy,-0.0,0
chr3_5478,119,229757,67,556,entropy,-0.0,0
chr3_5478,120,229758,67,556,entropy,-0.0,0
chr3_5478,121,229759,67,556,entropy,-0.0,0
chr3_5478,122,229760,67,556,entropy,-0.0,0
chr3_5478,123,229761,67,556,entropy,-0.0,0
chr3_5478,124,229762,67,556,entropy,-0.0,0
chr3_5478,125,229763,67,556,entropy,-0.0,0
chr3_5478,126,229764,67,556,entropy,-0.0,0
chr3_5478,127,229765,67,556,entropy,-0.0,0
chr3_5478,128,229766,67,556,entropy,-0.0,0
chr3_5478,129,229767,67,556,entropy,-0.0,0
chr3_5478,130,229768,67,556,entropy,-0.0,0
chr3_5478,131,229769,67,556,entropy,-0.0,0
chr3_5478,132,229770,67,556,entropy,-0.0,0
chr3_5478,133,229771,67,556,entropy,-0.0,0
chr3_5478,134,229772,67,556,entropy,-0.0,0
chr3_5478,135,229773,67,556,entropy,-0.0,0
chr3_5478,136,229774,67,556,entropy,-0.0,0
chr3_5478,137,229775,67,556,entropy,-0.0,0
chr3_5478,138,229776,67,556,entropy,-0.0,0
chr3_5478,139,229777,67,556,entropy,-0.0,0
chr3_5478,140,229778,67,556,entropy,-0.0,0
chr3_5478,141,229779,67,556,entropy,-0.0,0
chr3_5478,142,229780,67,556,entropy,-0.0,0
chr3_5478,143,229781,67,556,entropy,-0.0,0
chr3_5478,144,229782,67,556,entropy,-0.0,0
chr3_5478,145,229783,67,556,entropy,-0.0,0
chr3_5478,146,229784,67,556,entropy,-0.0,0
chr3_5478,147,229785,67,556,entropy,-0.0,0
chr3_5478,148,229786,67,556,entropy,-0.0,0
chr3_5478,149,229787,67,556,entropy,-0.0,0
chr3_5478,150,229788,67,556,entropy,-0.0,0
chr3_5478,151,229789,67,556,entropy,-0.0,0
chr3_5478,152,229790,67,556,entropy,-0.0,0
chr3_5478,153,229791,67,556,entropy,-0.0,0
chr3_5478,154,229792,67,556,entropy,-0.0,0
chr3_5478,155,229793,67,556,entropy,-0.0,0
chr3_5478,156,229794,67,556,entropy,-0.0,0
chr3_5478,157,229795,67,556,entropy,0.468995593589,0
chr3_5478,158,229796,67,556,entropy,-0.0,0
chr3_5478,159,229797,67,556,entropy,-0.0,0
chr3_5478,160,229798,67,556,entropy,0.721928094887,0
chr3_5478,161,229799,67,556,entropy,-0.0,0
chr3_5478,162,229800,67,556,entropy,-0.0,0
chr3_5478,163,229801,67,556,entropy,-0.0,0
chr3_5478,164,229802,67,556,entropy,-0.0,0
chr3_5478,165,229803,67,556,entropy,-0.0,0
chr3_5478,166,229804,67,556,entropy,0.721928094887,0
chr3_5478,167,229805,67,556,entropy,0.468995593589,0
chr3_5478,168,229806,67,556,entropy,-0.0,0
chr3_5478,169,229807,67,556,entropy,-0.0,0
chr3_5478,170,229808,67,556,entropy,-0.0,0
chr3_5478,171,229809,67,556,entropy,-0.0,0
chr3_5478,172,229810,67,556,entropy,-0.0,0
chr3_5478,173,229811,67,556,entropy,-0.0,0
chr3_5478,174,229812,67,556,entropy,-0.0,0
chr3_5478,175,229813,67,556,entropy,-0.0,0
chr3_5478,176,229814,67,556,entropy,-0.0,0
chr3_5478,177,229815,67,556,entropy,-0.0,0
chr3_5478,178,229816,67,556,entropy,-0.0,0
chr3_5478,179,229817,67,556,entropy,-0.0,0
chr3_5478,180,229818,67,556,entropy,-0.0,0
chr3_5478,181,229819,67,556,entropy,-0.0,0
chr3_5478,182,229820,67,556,entropy,-0.0,0
chr3_5478,183,229821,67,556,entropy,-0.0,0
chr3_5478,184,229822,67,556,entropy,-0.0,0
chr3_5478,185,229823,67,556,entropy,-0.0,0
chr3_5478,186,229824,67,556,entropy,-0.0,0
chr3_5478,187,229825,67,556,entropy,-0.0,0
chr3_5478,188,229826,67,556,entropy,-0.0,0
chr3_5478,189,229827,67,556,entropy,-0.0,0
chr3_5478,190,229828,67,556,entropy,-0.0,0
chr3_5478,191,229829,67,556,entropy,-0.0,0
chr3_5478,192,229830,67,556,entropy,-0.0,0
chr3_5478,193,229831,67,556,entropy,-0.0,0
chr3_5478,194,229832,67,556,entropy,-0.0,0
chr3_5478,195,229833,67,556,entropy,-0.0,0
chr3_5478,196,229834,67,556,entropy,-0.0,0
chr3_5478,197,229835,67,556,entropy,-0.0,0
chr3_5478,198,229836,67,556,entropy,-0.0,0
chr3_5478,199,229837,67,556,entropy,-0.0,0
chr3_5478,200,229838,67,556,entropy,-0.0,0
chr3_5478,201,229839,67,556,entropy,-0.0,0
chr3_5478,202,229840,67,556,entropy,-0.0,0
chr3_5478,203,229841,67,556,entropy,-0.0,0
chr3_5478,204,229842,67,556,entropy,-0.0,0
chr3_5478,205,229843,67,556,entropy,-0.0,0
chr3_5478,206,229844,67,556,entropy,-0.0,0
chr3_5478,207,229845,67,556,entropy,-0.0,0
chr3_5478,208,229846,67,556,entropy,-0.0,0
chr3_5478,209,229847,67,556,entropy,-0.0,0
chr3_5478,210,229848,67,556,entropy,-0.0,0
chr3_5478,211,229849,67,556,entropy,-0.0,0
chr3_5478,212,229850,67,556,entropy,-0.0,0
chr3_5478,213,229851,67,556,entropy,-0.0,0
chr3_5478,214,229852,67,556,entropy,-0.0,0
chr3_5478,215,229853,67,556,entropy,-0.0,0
chr3_5478,216,229854,67,556,entropy,-0.0,0
chr3_5478,217,229855,67,556,entropy,-0.0,0
chr3_5478,218,229856,67,556,entropy,-0.0,0
chr3_5478,219,229857,67,556,entropy,-0.0,0
chr3_5478,220,229858,67,556,entropy,0.503258334776,0
chr3_5478,221,229859,67,556,entropy,-0.0,0
chr3_5478,222,229860,67,556,entropy,0.503258334776,0
chr3_5478,223,229861,67,556,entropy,-0.0,0
chr3_5478,224,229862,67,556,entropy,-0.0,0
chr3_5478,225,229863,67,556,entropy,-0.0,0
chr3_5478,226,229864,67,556,entropy,-0.0,0
chr3_5478,227,229865,67,556,entropy,-0.0,0
chr3_5478,228,229866,67,556,entropy,-0.0,0
chr3_5478,229,229867,67,556,entropy,-0.0,0
chr3_5478,230,229868,67,556,entropy,-0.0,0
chr3_5478,231,229869,67,556,entropy,-0.0,0
chr3_5478,232,229870,67,556,entropy,-0.0,0
chr3_5478,233,229871,67,556,entropy,0.5435644432,0
chr3_5478,234,229872,67,556,entropy,-0.0,0
chr3_5478,235,229873,67,556,entropy,-0.0,0
chr3_5478,236,229874,67,556,entropy,-0.0,0
chr3_5478,237,229875,67,556,entropy,-0.0,0
chr3_5478,238,229876,67,556,entropy,-0.0,0
chr3_5478,239,229877,67,556,entropy,-0.0,0
chr3_5478,240,229878,67,556,entropy,-0.0,0
chr3_5478,241,229879,67,556,entropy,-0.0,0
chr3_5478,242,229880,67,556,entropy,-0.0,0
chr3_5478,243,229881,67,556,entropy,-0.0,0
chr3_5478,244,229882,67,556,entropy,-0.0,0
chr3_5478,245,229883,67,556,entropy,-0.0,0
chr3_5478,246,229884,67,556,entropy,-0.0,0
chr3_5478,247,229885,67,556,entropy,-0.0,0
chr3_5478,248,229886,67,556,entropy,-0.0,0
chr3_5478,249,229887,67,556,entropy,-0.0,0
chr3_5478,250,229888,67,556,entropy,0.591672778582,1
chr3_5478,251,229889,67,556,entropy,-0.0,1
chr3_5478,252,229890,67,556,entropy,-0.0,1
chr3_5478,253,229891,67,556,entropy,-0.0,1
chr3_5478,254,229892,67,556,entropy,-0.0,1
chr3_5478,255,229893,67,556,entropy,-0.0,1
chr3_5478,256,229894,67,556,entropy,-0.0,1
chr3_5478,257,229895,67,556,entropy,-0.0,1
chr3_5478,258,229896,67,556,entropy,-0.0,1
chr3_5478,259,229897,67,556,entropy,-0.0,1
chr3_5478,260,229898,67,556,entropy,-0.0,1
chr3_5478,261,229899,67,556,entropy,-0.0,1
chr3_5478,262,229900,67,556,entropy,0.591672778582,1
chr3_5478,263,229901,67,556,entropy,-0.0,1
chr3_5478,264,229902,67,556,entropy,-0.0,1
chr3_5478,265,229903,67,556,entropy,-0.0,1
chr3_5478,266,229904,67,556,entropy,-0.0,1
chr3_5478,267,229905,67,556,entropy,-0.0,1
chr3_5478,268,229906,67,556,entropy,-0.0,1
chr3_5478,269,229907,67,556,entropy,-0.0,1
chr3_5478,270,229908,67,556,entropy,-0.0,1
chr3_5478,271,229909,67,556,entropy,-0.0,1
chr3_5478,272,229910,67,556,entropy,-0.0,1
chr3_5478,273,229911,67,556,entropy,-0.0,1
chr3_5478,274,229912,67,556,entropy,-0.0,1
chr3_5478,275,229913,67,556,entropy,-0.0,1
chr3_5478,276,229914,67,556,entropy,-0.0,1
chr3_5478,277,229915,67,556,entropy,-0.0,1
chr3_5478,278,229916,67,556,entropy,-0.0,1
chr3_5478,279,229917,67,556,entropy,-0.0,1
chr3_5478,280,229918,67,556,entropy,-0.0,1
chr3_5478,281,229919,67,556,entropy,0.591672778582,1
chr3_5478,282,229920,67,556,entropy,0.591672778582,1
chr3_5478,283,229921,67,556,entropy,1.14883485428,1
chr3_5478,284,229922,67,556,entropy,-0.0,1
chr3_5478,285,229923,67,556,entropy,0.985228136034,1
chr3_5478,286,229924,67,556,entropy,-0.0,1
chr3_5478,287,229925,67,556,entropy,1.14883485428,1
chr3_5478,288,229926,67,556,entropy,-0.0,1
chr3_5478,289,229927,67,556,entropy,-0.0,1
chr3_5478,290,229928,67,556,entropy,0.591672778582,1
chr3_5478,291,229929,67,556,entropy,-0.0,1
chr3_5478,292,229930,67,556,entropy,-0.0,1
chr3_5478,293,229931,67,556,entropy,-0.0,1
chr3_5478,294,229932,67,556,entropy,0.591672778582,1
chr3_5478,295,229933,67,556,entropy,1.14883485428,1
chr3_5478,296,229934,67,556,entropy,0.591672778582,1
chr3_5478,297,229935,67,556,entropy,0.863120568567,1
chr3_5478,298,229936,67,556,entropy,-0.0,1
chr3_5478,299,229937,67,556,entropy,-0.0,1
chr3_5478,300,229938,67,556,entropy,-0.0,1
chr3_5478,301,229939,67,556,entropy,-0.0,1
chr3_5478,302,229940,67,556,entropy,-0.0,1
chr3_5478,303,229941,67,556,entropy,-0.0,1
chr3_5478,304,229942,67,556,entropy,-0.0,1
chr3_5478,305,229943,67,556,entropy,-0.0,1
chr3_5478,-306,229332,201,281,gc,0.0,-1
chr3_5478,-305,229333,201,281,gc,0.0,-1
chr3_5478,-304,229334,201,281,gc,70.0,-1
chr3_5478,-303,229335,201,281,gc,10.0,-1
chr3_5478,-302,229336,201,281,gc,60.0,-1
chr3_5478,-301,229337,201,281,gc,10.0,-1
chr3_5478,-300,229338,201,281,gc,0.0,-1
chr3_5478,-299,229339,201,281,gc,60.0,-1
chr3_5478,-298,229340,201,281,gc,0.0,-1
chr3_5478,-297,229341,201,281,gc,0.0,-1
chr3_5478,-296,229342,201,281,gc,20.0,-1
chr3_5478,-295,229343,201,281,gc,80.0,-1
chr3_5478,-294,229344,201,281,gc,20.0,-1
chr3_5478,-293,229345,201,281,gc,20.0,-1
chr3_5478,-292,229346,201,281,gc,0.0,-1
chr3_5478,-291,229347,201,281,gc,80.0,-1
chr3_5478,-290,229348,201,281,gc,0.0,-1
chr3_5478,-289,229349,201,281,gc,80.0,-1
chr3_5478,-288,229350,201,281,gc,80.0,-1
chr3_5478,-287,229351,201,281,gc,0.0,-1
chr3_5478,-286,229352,201,281,gc,0.0,-1
chr3_5478,-285,229353,201,281,gc,0.0,-1
chr3_5478,-284,229354,201,281,gc,0.0,-1
chr3_5478,-283,229355,201,281,gc,10.0,-1
chr3_5478,-282,229356,201,281,gc,10.0,-1
chr3_5478,-281,229357,201,281,gc,70.0,-1
chr3_5478,-280,229358,201,281,gc,0.0,-1
chr3_5478,-279,229359,201,281,gc,90.0,-1
chr3_5478,-278,229360,201,281,gc,90.0,-1
chr3_5478,-277,229361,201,281,gc,90.0,-1
chr3_5478,-276,229362,201,281,gc,90.0,-1
chr3_5478,-275,229363,201,281,gc,0.0,-1
chr3_5478,-274,229364,201,281,gc,80.0,-1
chr3_5478,-273,229365,201,281,gc,80.0,-1
chr3_5478,-272,229366,201,281,gc,10.0,-1
chr3_5478,-271,229367,201,281,gc,80.0,-1
chr3_5478,-270,229368,201,281,gc,0.0,-1
chr3_5478,-269,229369,201,281,gc,0.0,-1
chr3_5478,-268,229370,201,281,gc,90.0,-1
chr3_5478,-267,229371,201,281,gc,0.0,-1
chr3_5478,-266,229372,201,281,gc,0.0,-1
chr3_5478,-265,229373,201,281,gc,80.0,-1
chr3_5478,-264,229374,201,281,gc,0.0,-1
chr3_5478,-263,229375,201,281,gc,10.0,-1
chr3_5478,-262,229376,201,281,gc,0.0,-1
chr3_5478,-261,229377,201,281,gc,20.0,-1
chr3_5478,-260,229378,201,281,gc,0.0,-1
chr3_5478,-259,229379,201,281,gc,0.0,-1
chr3_5478,-258,229380,201,281,gc,30.0,-1
chr3_5478,-257,229381,201,281,gc,90.0,-1
chr3_5478,-256,229382,201,281,gc,100.0,-1
chr3_5478,-255,229383,201,281,gc,100.0,-1
chr3_5478,-254,229384,201,281,gc,0.0,-1
chr3_5478,-253,229385,201,281,gc,0.0,-1
chr3_5478,-252,229386,201,281,gc,100.0,-1
chr3_5478,-251,229387,201,281,gc,0.0,-1
chr3_5478,-250,229388,201,281,gc,0.0,-1
chr3_5478,-249,229389,201,281,gc,0.0,-1
chr3_5478,-248,229390,201,281,gc,0.0,-1
chr3_5478,-247,229391,201,281,gc,0.0,-1
chr3_5478,-246,229392,201,281,gc,10.0,-1
chr3_5478,-245,229393,201,281,gc,0.0,-1
chr3_5478,-244,229394,201,281,gc,0.0,-1
chr3_5478,-243,229395,201,281,gc,20.0,-1
chr3_5478,-242,229396,201,281,gc,90.0,-1
chr3_5478,-241,229397,201,281,gc,20.0,-1
chr3_5478,-240,229398,201,281,gc,70.0,-1
chr3_5478,-239,229399,201,281,gc,0.0,-1
chr3_5478,-238,229400,201,281,gc,0.0,-1
chr3_5478,-237,229401,201,281,gc,0.0,-1
chr3_5478,-236,229402,201,281,gc,0.0,-1
chr3_5478,-235,229403,201,281,gc,0.0,-1
chr3_5478,-234,229404,201,281,gc,100.0,-1
chr3_5478,-233,229405,201,281,gc,0.0,-1
chr3_5478,-232,229406,201,281,gc,100.0,-1
chr3_5478,-231,229407,201,281,gc,0.0,-1
chr3_5478,-230,229408,201,281,gc,0.0,-1
chr3_5478,-229,229409,201,281,gc,0.0,-1
chr3_5478,-228,229410,201,281,gc,20.0,-1
chr3_5478,-227,229411,201,281,gc,0.0,-1
chr3_5478,-226,229412,201,281,gc,0.0,-1
chr3_5478,-225,229413,201,281,gc,0.0,-1
chr3_5478,-224,229414,201,281,gc,0.0,-1
chr3_5478,-223,229415,201,281,gc,100.0,-1
chr3_5478,-222,229416,201,281,gc,0.0,-1
chr3_5478,-221,229417,201,281,gc,100.0,-1
chr3_5478,-220,229418,201,281,gc,100.0,-1
chr3_5478,-219,229419,201,281,gc,0.0,-1
chr3_5478,-218,229420,201,281,gc,0.0,-1
chr3_5478,-217,229421,201,281,gc,100.0,-1
chr3_5478,-216,229422,201,281,gc,100.0,-1
chr3_5478,-215,229423,201,281,gc,0.0,-1
chr3_5478,-214,229424,201,281,gc,80.0,-1
chr3_5478,-213,229425,201,281,gc,80.0,-1
chr3_5478,-212,229426,201,281,gc,100.0,-1
chr3_5478,-211,229427,201,281,gc,100.0,-1
chr3_5478,-210,229428,201,281,gc,100.0,-1
chr3_5478,-209,229429,201,281,gc,0.0,-1
chr3_5478,-208,229430,201,281,gc,0.0,-1
chr3_5478,-207,229431,201,281,gc,100.0,-1
chr3_5478,-206,229432,201,281,gc,0.0,-1
chr3_5478,-205,229433,201,281,gc,0.0,-1
chr3_5478,-204,229434,201,281,gc,100.0,-1
chr3_5478,-203,229435,201,281,gc,0.0,-1
chr3_5478,-202,229436,201,281,gc,0.0,-1
chr3_5478,-201,229437,201,281,gc,0.0,-1
chr3_5478,-200,229438,201,281,gc,0.0,-1
chr3_5478,-199,229439,201,281,gc,0.0,-1
chr3_5478,-198,229440,201,281,gc,100.0,-1
chr3_5478,-197,229441,201,281,gc,0.0,-1
chr3_5478,-196,229442,201,281,gc,0.0,-1
chr3_5478,-195,229443,201,281,gc,100.0,-1
chr3_5478,-194,229444,201,281,gc,100.0,-1
chr3_5478,-193,229445,201,281,gc,0.0,-1
chr3_5478,-192,229446,201,281,gc,100.0,-1
chr3_5478,-191,229447,201,281,gc,0.0,-1
chr3_5478,-190,229448,201,281,gc,0.0,-1
chr3_5478,-189,229449,201,281,gc,100.0,-1
chr3_5478,-188,229450,201,281,gc,100.0,-1
chr3_5478,-187,229451,201,281,gc,0.0,-1
chr3_5478,-186,229452,201,281,gc,100.0,-1
chr3_5478,-185,229453,201,281,gc,0.0,-1
chr3_5478,-184,229454,201,281,gc,0.0,-1
chr3_5478,-183,229455,201,281,gc,0.0,-1
chr3_5478,-182,229456,201,281,gc,0.0,-1
chr3_5478,-181,229457,201,281,gc,0.0,-1
chr3_5478,-180,229458,201,281,gc,0.0,-1
chr3_5478,-179,229459,201,281,gc,0.0,-1
chr3_5478,-178,229460,201,281,gc,0.0,-1
chr3_5478,-177,229461,201,281,gc,100.0,-1
chr3_5478,-176,229462,201,281,gc,0.0,-1
chr3_5478,-175,229463,201,281,gc,0.0,-1
chr3_5478,-174,229464,201,281,gc,0.0,-1
chr3_5478,-173,229465,201,281,gc,0.0,-1
chr3_5478,-172,229466,201,281,gc,0.0,-1
chr3_5478,-171,229467,201,281,gc,100.0,-1
chr3_5478,-170,229468,201,281,gc,100.0,-1
chr3_5478,-169,229469,201,281,gc,0.0,-1
chr3_5478,-168,229470,201,281,gc,0.0,-1
chr3_5478,-167,229471,201,281,gc,0.0,-1
chr3_5478,-166,229472,201,281,gc,0.0,-1
chr3_5478,-165,229473,201,281,gc,0.0,-1
chr3_5478,-164,229474,201,281,gc,100.0,-1
chr3_5478,-163,229475,201,281,gc,100.0,-1
chr3_5478,-162,229476,201,281,gc,0.0,-1
chr3_5478,-161,229477,201,281,gc,0.0,-1
chr3_5478,-160,229478,201,281,gc,0.0,-1
chr3_5478,-159,229479,201,281,gc,0.0,-1
chr3_5478,-158,229480,201,281,gc,0.0,-1
chr3_5478,-157,229481,201,281,gc,0.0,-1
chr3_5478,-156,229482,201,281,gc,0.0,-1
chr3_5478,-155,229483,201,281,gc,0.0,-1
chr3_5478,-154,229484,201,281,gc,100.0,-1
chr3_5478,-153,229485,201,281,gc,100.0,-1
chr3_5478,-152,229486,201,281,gc,100.0,-1
chr3_5478,-151,229487,201,281,gc,10.0,-1
chr3_5478,-150,229488,201,281,gc,100.0,-1
chr3_5478,-149,229489,201,281,gc,0.0,-1
chr3_5478,-148,229490,201,281,gc,100.0,-1
chr3_5478,-147,229491,201,281,gc,0.0,-1
chr3_5478,-146,229492,201,281,gc,0.0,-1
chr3_5478,-145,229493,201,281,gc,100.0,-1
chr3_5478,-144,229494,201,281,gc,100.0,-1
chr3_5478,-143,229495,201,281,gc,0.0,-1
chr3_5478,-142,229496,201,281,gc,0.0,-1
chr3_5478,-141,229497,201,281,gc,0.0,-1
chr3_5478,-140,229498,201,281,gc,0.0,-1
chr3_5478,-139,229499,201,281,gc,100.0,-1
chr3_5478,-138,229500,201,281,gc,0.0,-1
chr3_5478,-137,229501,201,281,gc,0.0,-1
chr3_5478,-136,229502,201,281,gc,0.0,-1
chr3_5478,-135,229503,201,281,gc,100.0,-1
chr3_5478,-134,229504,201,281,gc,100.0,-1
chr3_5478,-133,229505,201,281,gc,10.0,-1
chr3_5478,-132,229506,201,281,gc,0.0,-1
chr3_5478,-131,229507,201,281,gc,100.0,-1
chr3_5478,-130,229508,201,281,gc,100.0,-1
chr3_5478,-129,229509,201,281,gc,100.0,-1
chr3_5478,-128,229510,201,281,gc,100.0,-1
chr3_5478,-127,229511,201,281,gc,0.0,-1
chr3_5478,-126,229512,201,281,gc,0.0,-1
chr3_5478,-125,229513,201,281,gc,0.0,-1
chr3_5478,-124,229514,201,281,gc,100.0,-1
chr3_5478,-123,229515,201,281,gc,0.0,-1
chr3_5478,-122,229516,201,281,gc,100.0,-1
chr3_5478,-121,229517,201,281,gc,0.0,-1
chr3_5478,-120,229518,201,281,gc,0.0,-1
chr3_5478,-119,229519,201,281,gc,0.0,-1
chr3_5478,-118,229520,201,281,gc,0.0,-1
chr3_5478,-117,229521,201,281,gc,0.0,-1
chr3_5478,-116,229522,201,281,gc,0.0,-1
chr3_5478,-115,229523,201,281,gc,0.0,-1
chr3_5478,-114,229524,201,281,gc,0.0,-1
chr3_5478,-113,229525,201,281,gc,10.0,-1
chr3_5478,-112,229526,201,281,gc,100.0,-1
chr3_5478,-111,229527,201,281,gc,0.0,-1
chr3_5478,-110,229528,201,281,gc,90.0,-1
chr3_5478,-109,229529,201,281,gc,100.0,-1
chr3_5478,-108,229530,201,281,gc,0.0,-1
chr3_5478,-107,229531,201,281,gc,100.0,-1
chr3_5478,-106,229532,201,281,gc,100.0,-1
chr3_5478,-105,229533,201,281,gc,0.0,0
chr3_5478,-104,229534,201,281,gc,0.0,0
chr3_5478,-103,229535,201,281,gc,0.0,0
chr3_5478,-102,229536,201,281,gc,10.0,0
chr3_5478,-101,229537,201,281,gc,0.0,0
chr3_5478,-100,229538,201,281,gc,10.0,0
chr3_5478,-99,229539,201,281,gc,10.0,0
chr3_5478,-98,229540,201,281,gc,10.0,0
chr3_5478,-97,229541,201,281,gc,10.0,0
chr3_5478,-96,229542,201,281,gc,10.0,0
chr3_5478,-95,229543,201,281,gc,10.0,0
chr3_5478,-94,229544,201,281,gc,0.0,0
chr3_5478,-93,229545,201,281,gc,0.0,0
chr3_5478,-92,229546,201,281,gc,0.0,0
chr3_5478,-91,229547,201,281,gc,0.0,0
chr3_5478,-90,229548,201,281,gc,10.0,0
chr3_5478,-89,229549,201,281,gc,0.0,0
chr3_5478,-88,229550,201,281,gc,10.0,0
chr3_5478,-87,229551,201,281,gc,10.0,0
chr3_5478,-86,229552,201,281,gc,0.0,0
chr3_5478,-85,229553,201,281,gc,0.0,0
chr3_5478,-84,229554,201,281,gc,0.0,0
chr3_5478,-83,229555,201,281,gc,0.0,0
chr3_5478,-82,229556,201,281,gc,0.0,0
chr3_5478,-81,229557,201,281,gc,10.0,0
chr3_5478,-80,229558,201,281,gc,0.0,0
chr3_5478,-79,229559,201,281,gc,0.0,0
chr3_5478,-78,229560,201,281,gc,0.0,0
chr3_5478,-77,229561,201,281,gc,0.0,0
chr3_5478,-76,229562,201,281,gc,0.0,0
chr3_5478,-75,229563,201,281,gc,10.0,0
chr3_5478,-74,229564,201,281,gc,0.0,0
chr3_5478,-73,229565,201,281,gc,10.0,0
chr3_5478,-72,229566,201,281,gc,0.0,0
chr3_5478,-71,229567,201,281,gc,0.0,0
chr3_5478,-70,229568,201,281,gc,0.0,0
chr3_5478,-69,229569,201,281,gc,10.0,0
chr3_5478,-68,229570,201,281,gc,0.0,0
chr3_5478,-67,229571,201,281,gc,0.0,0
chr3_5478,-66,229572,201,281,gc,10.0,0
chr3_5478,-65,229573,201,281,gc,0.0,0
chr3_5478,-64,229574,201,281,gc,0.0,0
chr3_5478,-63,229575,201,281,gc,10.0,0
chr3_5478,-62,229576,201,281,gc,0.0,0
chr3_5478,-61,229577,201,281,gc,10.0,0
chr3_5478,-60,229578,201,281,gc,10.0,0
chr3_5478,-59,229579,201,281,gc,0.0,0
chr3_5478,-58,229580,201,281,gc,0.0,0
chr3_5478,-57,229581,201,281,gc,10.0,0
chr3_5478,-56,229582,201,281,gc,0.0,0
chr3_5478,-55,229583,201,281,gc,0.0,0
chr3_5478,-54,229584,201,281,gc,0.0,0
chr3_5478,-53,229585,201,281,gc,0.0,0
chr3_5478,-52,229586,201,281,gc,10.0,0
chr3_5478,-51,229587,201,281,gc,0.0,0
chr3_5478,-50,229588,201,281,gc,10.0,0
chr3_5478,-49,229589,201,281,gc,10.0,0
chr3_5478,-48,229590,201,281,gc,10.0,0
chr3_5478,-47,229591,201,281,gc,10.0,0
chr3_5478,-46,229592,201,281,gc,0.0,0
chr3_5478,-45,229593,201,281,gc,0.0,0
chr3_5478,-44,229594,201,281,gc,10.0,0
chr3_5478,-43,229595,201,281,gc,0.0,0
chr3_5478,-42,229596,201,281,gc,0.0,0
chr3_5478,-41,229597,201,281,gc,10.0,0
chr3_5478,-40,229598,201,281,gc,10.0,0
chr3_5478,-39,229599,201,281,gc,0.0,0
chr3_5478,-38,229600,201,281,gc,10.0,0
chr3_5478,-37,229601,201,281,gc,0.0,0
chr3_5478,-36,229602,201,281,gc,0.0,0
chr3_5478,-35,229603,201,281,gc,0.0,0
chr3_5478,-34,229604,201,281,gc,0.0,0
chr3_5478,-33,229605,201,281,gc,0.0,0
chr3_5478,-32,229606,201,281,gc,0.0,0
chr3_5478,-31,229607,201,281,gc,0.0,0
chr3_5478,-30,229608,201,281,gc,0.0,0
chr3_5478,-29,229609,201,281,gc,0.0,0
chr3_5478,-28,229610,201,281,gc,0.0,0
chr3_5478,-27,229611,201,281,gc,10.0,0
chr3_5478,-26,229612,201,281,gc,0.0,0
chr3_5478,-25,229613,201,281,gc,100.0,1
chr3_5478,-24,229614,201,281,gc,0.0,1
chr3_5478,-23,229615,201,281,gc,100.0,1
chr3_5478,-22,229616,201,281,gc,100.0,1
chr3_5478,-21,229617,201,281,gc,100.0,1
chr3_5478,-20,229618,201,281,gc,100.0,1
chr3_5478,-19,229619,201,281,gc,100.0,1
chr3_5478,-18,229620,201,281,gc,100.0,1
chr3_5478,-17,229621,201,281,gc,0.0,1
chr3_5478,-16,229622,201,281,gc,0.0,1
chr3_5478,-15,229623,201,281,gc,0.0,1
chr3_5478,-14,229624,201,281,gc,0.0,1
chr3_5478,-13,229625,201,281,gc,100.0,1
chr3_5478,-12,229626,201,281,gc,0.0,1
chr3_5478,-11,229627,201,281,gc,100.0,1
chr3_5478,-10,229628,201,281,gc,100.0,1
chr3_5478,-9,229629,201,281,gc,0.0,1
chr3_5478,-8,229630,201,281,gc,0.0,1
chr3_5478,-7,229631,201,281,gc,0.0,1
chr3_5478,-6,229632,201,281,gc,0.0,1
chr3_5478,-5,229633,201,281,gc,0.0,1
chr3_5478,-4,229634,201,281,gc,100.0,1
chr3_5478,-3,229635,201,281,gc,0.0,1
chr3_5478,-2,229636,201,281,gc,0.0,1
chr3_5478,-1,229637,201,281,gc,0.0,1
chr3_5478,0,229638,201,281,gc,0.0,1
chr3_5478,1,229639,201,281,gc,0.0,1
chr3_5478,2,229640,201,281,gc,100.0,1
chr3_5478,3,229641,201,281,gc,0.0,1
chr3_5478,4,229642,201,281,gc,100.0,1
chr3_5478,5,229643,201,281,gc,0.0,1
chr3_5478,6,229644,201,281,gc,0.0,1
chr3_5478,7,229645,201,281,gc,0.0,1
chr3_5478,8,229646,201,281,gc,100.0,1
chr3_5478,9,229647,201,281,gc,0.0,1
chr3_5478,10,229648,201,281,gc,0.0,1
chr3_5478,11,229649,201,281,gc,100.0,1
chr3_5478,12,229650,201,281,gc,0.0,1
chr3_5478,13,229651,201,281,gc,10.0,1
chr3_5478,14,229652,201,281,gc,100.0,1
chr3_5478,15,229653,201,281,gc,0.0,1
chr3_5478,16,229654,201,281,gc,100.0,1
chr3_5478,17,229655,201,281,gc,100.0,1
chr3_5478,18,229656,201,281,gc,0.0,1
chr3_5478,19,229657,201,281,gc,0.0,1
chr3_5478,20,229658,201,281,gc,100.0,1
chr3_5478,21,229659,201,281,gc,0.0,1
chr3_5478,22,229660,201,281,gc,0.0,1
chr3_5478,23,229661,201,281,gc,0.0,1
chr3_5478,24,229662,201,281,gc,0.0,1
chr3_5478,25,229663,201,281,gc,100.0,1
chr3_5478,26,229664,201,281,gc,0.0,1
chr3_5478,27,229665,201,281,gc,100.0,1
chr3_5478,28,229666,201,281,gc,100.0,1
chr3_5478,29,229667,201,281,gc,100.0,1
chr3_5478,30,229668,201,281,gc,100.0,1
chr3_5478,31,229669,201,281,gc,0.0,1
chr3_5478,32,229670,201,281,gc,0.0,1
chr3_5478,33,229671,201,281,gc,100.0,1
chr3_5478,34,229672,201,281,gc,0.0,1
chr3_5478,35,229673,201,281,gc,0.0,1
chr3_5478,36,229674,201,281,gc,100.0,1
chr3_5478,37,229675,201,281,gc,100.0,1
chr3_5478,38,229676,201,281,gc,0.0,1
chr3_5478,39,229677,201,281,gc,100.0,1
chr3_5478,40,229678,201,281,gc,0.0,1
chr3_5478,41,229679,201,281,gc,0.0,1
chr3_5478,42,229680,201,281,gc,0.0,1
chr3_5478,43,229681,201,281,gc,0.0,1
chr3_5478,44,229682,201,281,gc,0.0,1
chr3_5478,45,229683,201,281,gc,100.0,1
chr3_5478,46,229684,201,281,gc,100.0,1
chr3_5478,47,229685,201,281,gc,90.0,1
chr3_5478,48,229686,201,281,gc,0.0,1
chr3_5478,49,229687,201,281,gc,100.0,1
chr3_5478,50,229688,201,281,gc,100.0,1
chr3_5478,51,229689,201,281,gc,0.0,1
chr3_5478,52,229690,201,281,gc,0.0,1
chr3_5478,53,229691,201,281,gc,0.0,1
chr3_5478,54,229692,201,281,gc,0.0,1
chr3_5478,55,229693,201,281,gc,0.0,1
chr3_5478,56,229694,201,281,gc,0.0,1
chr3_5478,57,229695,201,281,gc,0.0,1
chr3_5478,58,229696,201,281,gc,0.0,1
chr3_5478,59,229697,201,281,gc,100.0,1
chr3_5478,60,229698,201,281,gc,100.0,1
chr3_5478,61,229699,201,281,gc,100.0,1
chr3_5478,62,229700,201,281,gc,100.0,1
chr3_5478,63,229701,201,281,gc,0.0,1
chr3_5478,64,229702,201,281,gc,0.0,1
chr3_5478,65,229703,201,281,gc,100.0,1
chr3_5478,66,229704,201,281,gc,0.0,1
chr3_5478,67,229705,201,281,gc,0.0,1
chr3_5478,68,229706,201,281,gc,0.0,1
chr3_5478,69,229707,201,281,gc,0.0,1
chr3_5478,70,229708,201,281,gc,0.0,1
chr3_5478,71,229709,201,281,gc,0.0,1
chr3_5478,72,229710,201,281,gc,0.0,1
chr3_5478,73,229711,201,281,gc,0.0,1
chr3_5478,74,229712,201,281,gc,0.0,1
chr3_5478,75,229713,201,281,gc,0.0,1
chr3_5478,76,229714,201,281,gc,100.0,1
chr3_5478,77,229715,201,281,gc,0.0,1
chr3_5478,78,229716,201,281,gc,100.0,1
chr3_5478,79,229717,201,281,gc,0.0,1
chr3_5478,80,229718,201,281,gc,100.0,1
chr3_5478,81,229719,201,281,gc,0.0,1
chr3_5478,82,229720,201,281,gc,0.0,1
chr3_5478,83,229721,201,281,gc,0.0,1
chr3_5478,84,229722,201,281,gc,0.0,1
chr3_5478,85,229723,201,281,gc,0.0,1
chr3_5478,86,229724,201,281,gc,100.0,1
chr3_5478,87,229725,201,281,gc,100.0,1
chr3_5478,88,229726,201,281,gc,0.0,1
chr3_5478,89,229727,201,281,gc,100.0,1
chr3_5478,90,229728,201,281,gc,100.0,1
chr3_5478,91,229729,201,281,gc,100.0,1
chr3_5478,92,229730,201,281,gc,100.0,1
chr3_5478,93,229731,201,281,gc,20.0,1
chr3_5478,94,229732,201,281,gc,0.0,1
chr3_5478,95,229733,201,281,gc,100.0,1
chr3_5478,96,229734,201,281,gc,0.0,1
chr3_5478,97,229735,201,281,gc,100.0,1
chr3_5478,98,229736,201,281,gc,100.0,1
chr3_5478,99,229737,201,281,gc,100.0,1
chr3_5478,100,229738,201,281,gc,100.0,1
chr3_5478,101,229739,201,281,gc,0.0,1
chr3_5478,102,229740,201,281,gc,100.0,1
chr3_5478,103,229741,201,281,gc,0.0,1
chr3_5478,104,229742,201,281,gc,0.0,1
chr3_5478,105,229743,201,281,gc,0.0,1
chr3_5478,106,229744,201,281,gc,0.0,1
chr3_5478,107,229745,201,281,gc,100.0,1
chr3_5478,108,229746,201,281,gc,0.0,1
chr3_5478,109,229747,201,281,gc,100.0,1
chr3_5478,110,229748,201,281,gc,0.0,1
chr3_5478,111,229749,201,281,gc,0.0,1
chr3_5478,112,229750,201,281,gc,0.0,1
chr3_5478,113,229751,201,281,gc,0.0,1
chr3_5478,114,229752,201,281,gc,100.0,1
chr3_5478,115,229753,201,281,gc,0.0,1
chr3_5478,116,229754,201,281,gc,100.0,1
chr3_5478,117,229755,201,281,gc,100.0,1
chr3_5478,118,229756,201,281,gc,0.0,1
chr3_5478,119,229757,201,281,gc,100.0,1
chr3_5478,120,229758,201,281,gc,0.0,1
chr3_5478,121,229759,201,281,gc,0.0,1
chr3_5478,122,229760,201,281,gc,0.0,1
chr3_5478,123,229761,201,281,gc,0.0,1
chr3_5478,124,229762,201,281,gc,100.0,1
chr3_5478,125,229763,201,281,gc,100.0,1
chr3_5478,126,229764,201,281,gc,100.0,1
chr3_5478,127,229765,201,281,gc,0.0,1
chr3_5478,128,229766,201,281,gc,100.0,1
chr3_5478,129,229767,201,281,gc,100.0,1
chr3_5478,130,229768,201,281,gc,0.0,1
chr3_5478,131,229769,201,281,gc,0.0,1
chr3_5478,132,229770,201,281,gc,0.0,1
chr3_5478,133,229771,201,281,gc,0.0,1
chr3_5478,134,229772,201,281,gc,0.0,1
chr3_5478,135,229773,201,281,gc,0.0,1
chr3_5478,136,229774,201,281,gc,100.0,1
chr3_5478,137,229775,201,281,gc,100.0,1
chr3_5478,138,229776,201,281,gc,0.0,1
chr3_5478,139,229777,201,281,gc,0.0,1
chr3_5478,140,229778,201,281,gc,0.0,1
chr3_5478,141,229779,201,281,gc,0.0,1
chr3_5478,142,229780,201,281,gc,100.0,1
chr3_5478,143,229781,201,281,gc,0.0,1
chr3_5478,144,229782,201,281,gc,0.0,1
chr3_5478,145,229783,201,281,gc,0.0,1
chr3_5478,146,229784,201,281,gc,0.0,1
chr3_5478,147,229785,201,281,gc,0.0,1
chr3_5478,148,229786,201,281,gc,100.0,1
chr3_5478,149,229787,201,281,gc,0.0,1
chr3_5478,150,229788,201,281,gc,0.0,1
chr3_5478,151,229789,201,281,gc,100.0,1
chr3_5478,152,229790,201,281,gc,100.0,1
chr3_5478,153,229791,201,281,gc,0.0,1
chr3_5478,154,229792,201,281,gc,100.0,1
chr3_5478,155,229793,201,281,gc,0.0,1
chr3_5478,156,229794,201,281,gc,0.0,1
chr3_5478,157,229795,201,281,gc,10.0,1
chr3_5478,158,229796,201,281,gc,100.0,1
chr3_5478,159,229797,201,281,gc,0.0,1
chr3_5478,160,229798,201,281,gc,20.0,1
chr3_5478,161,229799,201,281,gc,0.0,1
chr3_5478,162,229800,201,281,gc,100.0,1
chr3_5478,163,229801,201,281,gc,0.0,1
chr3_5478,164,229802,201,281,gc,100.0,1
chr3_5478,165,229803,201,281,gc,100.0,1
chr3_5478,166,229804,201,281,gc,80.0,1
chr3_5478,167,229805,201,281,gc,90.0,1
chr3_5478,168,229806,201,281,gc,100.0,1
chr3_5478,169,229807,201,281,gc,0.0,1
chr3_5478,170,229808,201,281,gc,100.0,1
chr3_5478,171,229809,201,281,gc,0.0,1
chr3_5478,172,229810,201,281,gc,0.0,1
chr3_5478,173,229811,201,281,gc,0.0,1
chr3_5478,174,229812,201,281,gc,100.0,1
chr3_5478,175,229813,201,281,gc,100.0,1
chr3_5478,176,229814,201,281,gc,0.0,1
chr3_5478,177,229815,201,281,gc,0.0,1
chr3_5478,178,229816,201,281,gc,0.0,1
chr3_5478,179,229817,201,281,gc,0.0,1
chr3_5478,180,229818,201,281,gc,0.0,1
chr3_5478,181,229819,201,281,gc,0.0,1
chr3_5478,182,229820,201,281,gc,0.0,1
chr3_5478,183,229821,201,281,gc,0.0,1
chr3_5478,184,229822,201,281,gc,0.0,1
chr3_5478,185,229823,201,281,gc,0.0,1
chr3_5478,186,229824,201,281,gc,100.0,1
chr3_5478,187,229825,201,281,gc,100.0,1
chr3_5478,188,229826,201,281,gc,100.0,1
chr3_5478,189,229827,201,281,gc,0.0,1
chr3_5478,190,229828,201,281,gc,100.0,1
chr3_5478,191,229829,201,281,gc,0.0,1
chr3_5478,192,229830,201,281,gc,0.0,1
chr3_5478,193,229831,201,281,gc,0.0,1
chr3_5478,194,229832,201,281,gc,0.0,1
chr3_5478,195,229833,201,281,gc,0.0,1
chr3_5478,196,229834,201,281,gc,0.0,1
chr3_5478,197,229835,201,281,gc,0.0,1
chr3_5478,198,229836,201,281,gc,0.0,1
chr3_5478,199,229837,201,281,gc,100.0,1
chr3_5478,200,229838,201,281,gc,100.0,1
chr3_5478,201,229839,201,281,gc,100.0,1
chr3_5478,202,229840,201,281,gc,0.0,1
chr3_5478,203,229841,201,281,gc,100.0,1
chr3_5478,204,229842,201,281,gc,0.0,1
chr3_5478,205,229843,201,281,gc,0.0,1
chr3_5478,206,229844,201,281,gc,0.0,1
chr3_5478,207,229845,201,281,gc,0.0,1
chr3_5478,208,229846,201,281,gc,0.0,1
chr3_5478,209,229847,201,281,gc,100.0,1
chr3_5478,210,229848,201,281,gc,100.0,1
chr3_5478,211,229849,201,281,gc,0.0,1
chr3_5478,212,229850,201,281,gc,0.0,1
chr3_5478,213,229851,201,281,gc,90.0,1
chr3_5478,214,229852,201,281,gc,0.0,1
chr3_5478,215,229853,201,281,gc,0.0,1
chr3_5478,216,229854,201,281,gc,0.0,1
chr3_5478,217,229855,201,281,gc,90.0,1
chr3_5478,218,229856,201,281,gc,0.0,1
chr3_5478,219,229857,201,281,gc,90.0,1
chr3_5478,220,229858,201,281,gc,80.0,1
chr3_5478,221,229859,201,281,gc,0.0,1
chr3_5478,222,229860,201,281,gc,80.0,1
chr3_5478,223,229861,201,281,gc,90.0,1
chr3_5478,224,229862,201,281,gc,0.0,1
chr3_5478,225,229863,201,281,gc,0.0,1
chr3_5478,226,229864,201,281,gc,0.0,1
chr3_5478,227,229865,201,281,gc,90.0,1
chr3_5478,228,229866,201,281,gc,90.0,1
chr3_5478,229,229867,201,281,gc,80.0,1
chr3_5478,230,229868,201,281,gc,80.0,1
chr3_5478,231,229869,201,281,gc,0.0,1
chr3_5478,232,229870,201,281,gc,80.0,1
chr3_5478,233,229871,201,281,gc,10.0,1
chr3_5478,234,229872,201,281,gc,0.0,1
chr3_5478,235,229873,201,281,gc,0.0,1
chr3_5478,236,229874,201,281,gc,80.0,1
chr3_5478,237,229875,201,281,gc,0.0,1
chr3_5478,238,229876,201,281,gc,80.0,1
chr3_5478,239,229877,201,281,gc,80.0,1
chr3_5478,240,229878,201,281,gc,0.0,1
chr3_5478,241,229879,201,281,gc,0.0,1
chr3_5478,242,229880,201,281,gc,0.0,1
chr3_5478,243,229881,201,281,gc,0.0,1
chr3_5478,244,229882,201,281,gc,0.0,1
chr3_5478,245,229883,201,281,gc,80.0,1
chr3_5478,246,229884,201,281,gc,0.0,1
chr3_5478,247,229885,201,281,gc,0.0,1
chr3_5478,248,229886,201,281,gc,80.0,1
chr3_5478,249,229887,201,281,gc,70.0,1
chr3_5478,250,229888,201,281,gc,60.0,1
chr3_5478,251,229889,201,281,gc,70.0,1
chr3_5478,252,229890,201,281,gc,0.0,1
chr3_5478,253,229891,201,281,gc,70.0,1
chr3_5478,254,229892,201,281,gc,70.0,1
chr3_5478,255,229893,201,281,gc,0.0,1
chr3_5478,256,229894,201,281,gc,0.0,1
chr3_5478,257,229895,201,281,gc,0.0,1
chr3_5478,258,229896,201,281,gc,0.0,1
chr3_5478,259,229897,201,281,gc,70.0,1
chr3_5478,260,229898,201,281,gc,0.0,1
chr3_5478,261,229899,201,281,gc,70.0,1
chr3_5478,262,229900,201,281,gc,10.0,1
chr3_5478,263,229901,201,281,gc,0.0,1
chr3_5478,264,229902,201,281,gc,70.0,1
chr3_5478,265,229903,201,281,gc,0.0,1
chr3_5478,266,229904,201,281,gc,0.0,1
chr3_5478,267,229905,201,281,gc,70.0,1
chr3_5478,268,229906,201,281,gc,0.0,1
chr3_5478,269,229907,201,281,gc,70.0,1
chr3_5478,270,229908,201,281,gc,70.0,1
chr3_5478,271,229909,201,281,gc,70.0,1
chr3_5478,272,229910,201,281,gc,0.0,1
chr3_5478,273,229911,201,281,gc,0.0,1
chr3_5478,274,229912,201,281,gc,70.0,1
chr3_5478,275,229913,201,281,gc,70.0,1
chr3_5478,276,229914,201,281,gc,0.0,1
chr3_5478,277,229915,201,281,gc,0.0,1
chr3_5478,278,229916,201,281,gc,0.0,1
chr3_5478,279,229917,201,281,gc,0.0,1
chr3_5478,280,229918,201,281,gc,0.0,1
chr3_5478,281,229919,201,281,gc,0.0,1
chr3_5478,282,229920,201,281,gc,70.0,1
chr3_5478,283,229921,201,281,gc,50.0,1
chr3_5478,284,229922,201,281,gc,70.0,1
chr3_5478,285,229923,201,281,gc,40.0,1
chr3_5478,286,229924,201,281,gc,0.0,1
chr3_5478,287,229925,201,281,gc,60.0,1
chr3_5478,288,229926,201,281,gc,0.0,1
chr3_5478,289,229927,201,281,gc,70.0,1
chr3_5478,290,229928,201,281,gc,60.0,1
chr3_5478,291,229929,201,281,gc,0.0,1
chr3_5478,292,229930,201,281,gc,0.0,1
chr3_5478,293,229931,201,281,gc,70.0,1
chr3_5478,294,229932,201,281,gc,60.0,1
chr3_5478,295,229933,201,281,gc,10.0,1
chr3_5478,296,229934,201,281,gc,60.0,1
chr3_5478,297,229935,201,281,gc,20.0,1
chr3_5478,298,229936,201,281,gc,70.0,1
chr3_5478,299,229937,201,281,gc,0.0,1
chr3_5478,300,229938,201,281,gc,0.0,1
chr3_5478,301,229939,201,281,gc,70.0,1
chr3_5478,302,229940,201,281,gc,70.0,1
chr3_5478,303,229941,201,281,gc,0.0,1
chr3_5478,304,229942,201,281,gc,60.0,1
chr3_5478,305,229943,201,281,gc,0.0,1
chr3_5478,-306,229332,203,280,multi,-9.58898762971,-1
chr3_5478,-305,229333,203,280,multi,-9.20784219348,-1
chr3_5478,-304,229334,203,280,multi,-10.3660428975,-1
chr3_5478,-303,229335,203,280,multi,-7.68383783736,-1
chr3_5478,-302,229336,203,280,multi,-9.20826079663,-1
chr3_5478,-301,229337,203,280,multi,-7.68383783736,-1
chr3_5478,-300,229338,203,280,multi,-9.20784219348,-1
chr3_5478,-299,229339,203,280,multi,-8.70520895618,-1
chr3_5478,-298,229340,203,280,multi,-9.20784219348,-1
chr3_5478,-297,229341,203,280,multi,-9.20784219348,-1
chr3_5478,-296,229342,203,280,multi,-6.78706598791,-1
chr3_5478,-295,229343,203,280,multi,-12.8535554119,-1
chr3_5478,-294,229344,203,280,multi,-7.07292506508,-1
chr3_5478,-293,229345,203,280,multi,-7.07292506508,-1
chr3_5478,-292,229346,203,280,multi,-9.58898762971,-1
chr3_5478,-291,229347,203,280,multi,-12.8535554119,-1
chr3_5478,-290,229348,203,280,multi,-1.19862345371,-1
chr3_5478,-289,229349,203,280,multi,-12.8535554119,-1
chr3_5478,-288,229350,203,280,multi,-12.8535554119,-1
chr3_5478,-287,229351,203,280,multi,-9.58898762971,-1
chr3_5478,-286,229352,203,280,multi,-9.20784219348,-1
chr3_5478,-285,229353,203,280,multi,-9.58898762971,-1
chr3_5478,-284,229354,203,280,multi,-10.7876110834,-1
chr3_5478,-283,229355,203,280,multi,-8.71703507589,-1
chr3_5478,-282,229356,203,280,multi,-6.68523671373,-1
chr3_5478,-281,229357,203,280,multi,-10.0605889544,-1
chr3_5478,-280,229358,203,280,multi,-10.3588224677,-1
chr3_5478,-279,229359,203,280,multi,-14.4602498384,-1
chr3_5478,-278,229360,203,280,multi,-15.3577571377,-1
chr3_5478,-277,229361,203,280,multi,-13.0608095271,-1
chr3_5478,-276,229362,203,280,multi,-15.3577571377,-1
chr3_5478,-275,229363,203,280,multi,-10.7876110834,-1
chr3_5478,-274,229364,203,280,multi,-11.8549542883,-1
chr3_5478,-273,229365,203,280,multi,-12.6527385543,-1
chr3_5478,-272,229366,203,280,multi,-9.09818051211,-1
chr3_5478,-271,229367,203,280,multi,-11.8549542883,-1
chr3_5478,-270,229368,203,280,multi,-10.7876110834,-1
chr3_5478,-269,229369,203,280,multi,-10.3588224677,-1
chr3_5478,-268,229370,203,280,multi,-15.3577571377,-1
chr3_5478,-267,229371,203,280,multi,-10.3588224677,-1
chr3_5478,-266,229372,203,280,multi,-10.3588224677,-1
chr3_5478,-265,229373,203,280,multi,-11.8073111088,-1
chr3_5478,-264,229374,203,280,multi,-10.3588224677,-1
chr3_5478,-263,229375,203,280,multi,-8.61731204264,-1
chr3_5478,-262,229376,203,280,multi,-10.3588224677,-1
chr3_5478,-261,229377,203,280,multi,-5.98791093079,-1
chr3_5478,-260,229378,203,280,multi,-10.3588224677,-1
chr3_5478,-259,229379,203,280,multi,-10.7876110834,-1
chr3_5478,-258,229380,203,280,multi,-7.5810072029,-1
chr3_5478,-257,229381,203,280,multi,-13.0608095271,-1
chr3_5478,-256,229382,203,280,multi,-16.0669442649,-1
chr3_5478,-255,229383,203,280,multi,-17.0641745974,-1
chr3_5478,-254,229384,203,280,multi,-11.5098027419,-1
chr3_5478,-253,229385,203,280,multi,-11.5098027419,-1
chr3_5478,-252,229386,203,280,multi,-17.0641745974,-1
chr3_5478,-251,229387,203,280,multi,-11.5098027419,-1
chr3_5478,-250,229388,203,280,multi,-11.5098027419,-1
chr3_5478,-249,229389,203,280,multi,-11.9862345371,-1
chr3_5478,-248,229390,203,280,multi,-11.5098027419,-1
chr3_5478,-247,229391,203,280,multi,-11.9862345371,-1
chr3_5478,-246,229392,203,280,multi,-9.66293180116,-1
chr3_5478,-245,229393,203,280,multi,-11.9862345371,-1
chr3_5478,-244,229394,203,280,multi,-11.5098027419,-1
chr3_5478,-243,229395,203,280,multi,-9.19516005942,-1
chr3_5478,-242,229396,203,280,multi,-13.3562881991,-1
chr3_5478,-241,229397,203,280,multi,-8.81401462319,-1
chr3_5478,-240,229398,203,280,multi,-10.0552396038,-1
chr3_5478,-239,229399,203,280,multi,-11.9862345371,-1
chr3_5478,-238,229400,203,280,multi,-11.9862345371,-1
chr3_5478,-237,229401,203,280,multi,-11.9862345371,-1
chr3_5478,-236,229402,203,280,multi,-11.5098027419,-1
chr3_5478,-235,229403,203,280,multi,-11.9862345371,-1
chr3_5478,-234,229404,203,280,multi,-17.0641745974,-1
chr3_5478,-233,229405,203,280,multi,-9.25486082839,-1
chr3_5478,-232,229406,203,280,multi,-16.0669442649,-1
chr3_5478,-231,229407,203,280,multi,-11.5098027419,-1
chr3_5478,-230,229408,203,280,multi,-11.9862345371,-1
chr3_5478,-229,229409,203,280,multi,-11.9862345371,-1
chr3_5478,-228,229410,203,280,multi,-8.61456855669,-1
chr3_5478,-227,229411,203,280,multi,-11.5098027419,-1
chr3_5478,-226,229412,203,280,multi,-11.5098027419,-1
chr3_5478,-225,229413,203,280,multi,-11.9862345371,-1
chr3_5478,-224,229414,203,280,multi,-11.9862345371,-1
chr3_5478,-223,229415,203,280,multi,-17.0641745974,-1
chr3_5478,-222,229416,203,280,multi,-11.9862345371,-1
chr3_5478,-221,229417,203,280,multi,-16.0669442649,-1
chr3_5478,-220,229418,203,280,multi,-17.0641745974,-1
chr3_5478,-219,229419,203,280,multi,-11.5098027419,-1
chr3_5478,-218,229420,203,280,multi,-11.5098027419,-1
chr3_5478,-217,229421,203,280,multi,-16.0669442649,-1
chr3_5478,-216,229422,203,280,multi,-17.0641745974,-1
chr3_5478,-215,229423,203,280,multi,-11.5098027419,-1
chr3_5478,-214,229424,203,280,multi,-9.36913496208,-1
chr3_5478,-213,229425,203,280,multi,-11.4441398296,-1
chr3_5478,-212,229426,203,280,multi,-16.0669442649,-1
chr3_5478,-211,229427,203,280,multi,-16.0669442649,-1
chr3_5478,-210,229428,203,280,multi,-16.0669442649,-1
chr3_5478,-209,229429,203,280,multi,-11.9862345371,-1
chr3_5478,-208,229430,203,280,multi,-11.9862345371,-1
chr3_5478,-207,229431,203,280,multi,-17.0641745974,-1
chr3_5478,-206,229432,203,280,multi,-11.9862345371,-1
chr3_5478,-205,229433,203,280,multi,-11.9862345371,-1
chr3_5478,-204,229434,203,280,multi,-16.0669442649,-1
chr3_5478,-203,229435,203,280,multi,-11.9862345371,-1
chr3_5478,-202,229436,203,280,multi,-11.9862345371,-1
chr3_5478,-201,229437,203,280,multi,-11.5098027419,-1
chr3_5478,-200,229438,203,280,multi,-11.5098027419,-1
chr3_5478,-199,229439,203,280,multi,-11.5098027419,-1
chr3_5478,-198,229440,203,280,multi,-16.0669442649,-1
chr3_5478,-197,229441,203,280,multi,-11.5098027419,-1
chr3_5478,-196,229442,203,280,multi,-11.5098027419,-1
chr3_5478,-195,229443,203,280,multi,-17.0641745974,-1
chr3_5478,-194,229444,203,280,multi,-17.0641745974,-1
chr3_5478,-193,229445,203,280,multi,-11.9862345371,-1
chr3_5478,-192,229446,203,280,multi,-13.8640822051,-1
chr3_5478,-191,229447,203,280,multi,-11.5098027419,-1
chr3_5478,-190,229448,203,280,multi,-11.5098027419,-1
chr3_5478,-189,229449,203,280,multi,-17.0641745974,-1
chr3_5478,-188,229450,203,280,multi,-17.0641745974,-1
chr3_5478,-187,229451,203,280,multi,-11.5098027419,-1
chr3_5478,-186,229452,203,280,multi,-16.0669442649,-1
chr3_5478,-185,229453,203,280,multi,-11.9862345371,-1
chr3_5478,-184,229454,203,280,multi,-11.5098027419,-1
chr3_5478,-183,229455,203,280,multi,-11.5098027419,-1
chr3_5478,-182,229456,203,280,multi,-11.5098027419,-1
chr3_5478,-181,229457,203,280,multi,-11.9862345371,-1
chr3_5478,-180,229458,203,280,multi,-11.9862345371,-1
chr3_5478,-179,229459,203,280,multi,-11.9862345371,-1
chr3_5478,-178,229460,203,280,multi,-11.5098027419,-1
chr3_5478,-177,229461,203,280,multi,-16.0669442649,-1
chr3_5478,-176,229462,203,280,multi,-11.5098027419,-1
chr3_5478,-175,229463,203,280,multi,-11.5098027419,-1
chr3_5478,-174,229464,203,280,multi,-11.5098027419,-1
chr3_5478,-173,229465,203,280,multi,-11.9862345371,-1
chr3_5478,-172,229466,203,280,multi,-11.5098027419,-1
chr3_5478,-171,229467,203,280,multi,-16.0669442649,-1
chr3_5478,-170,229468,203,280,multi,-17.0641745974,-1
chr3_5478,-169,229469,203,280,multi,-11.5098027419,-1
chr3_5478,-168,229470,203,280,multi,-11.9862345371,-1
chr3_5478,-167,229471,203,280,multi,-11.9862345371,-1
chr3_5478,-166,229472,203,280,multi,-11.5098027419,-1
chr3_5478,-165,229473,203,280,multi,-11.5098027419,-1
chr3_5478,-164,229474,203,280,multi,-16.0669442649,-1
chr3_5478,-163,229475,203,280,multi,-17.0641745974,-1
chr3_5478,-162,229476,203,280,multi,-11.5098027419,-1
chr3_5478,-161,229477,203,280,multi,-11.9862345371,-1
chr3_5478,-160,229478,203,280,multi,-11.5098027419,-1
chr3_5478,-159,229479,203,280,multi,-11.5098027419,-1
chr3_5478,-158,229480,203,280,multi,-11.5098027419,-1
chr3_5478,-157,229481,203,280,multi,-11.9862345371,-1
chr3_5478,-156,229482,203,280,multi,-11.5098027419,-1
chr3_5478,-155,229483,203,280,multi,-11.5098027419,-1
chr3_5478,-154,229484,203,280,multi,-16.0669442649,-1
chr3_5478,-153,229485,203,280,multi,-16.0669442649,-1
chr3_5478,-152,229486,203,280,multi,-17.0641745974,-1
chr3_5478,-151,229487,203,280,multi,-9.76265483441,-1
chr3_5478,-150,229488,203,280,multi,-17.0641745974,-1
chr3_5478,-149,229489,203,280,multi,-11.9862345371,-1
chr3_5478,-148,229490,203,280,multi,-16.0669442649,-1
chr3_5478,-147,229491,203,280,multi,-11.9862345371,-1
chr3_5478,-146,229492,203,280,multi,-11.5098027419,-1
chr3_5478,-145,229493,203,280,multi,-16.0669442649,-1
chr3_5478,-144,229494,203,280,multi,-17.0641745974,-1
chr3_5478,-143,229495,203,280,multi,-11.9862345371,-1
chr3_5478,-142,229496,203,280,multi,-11.9862345371,-1
chr3_5478,-141,229497,203,280,multi,-11.9862345371,-1
chr3_5478,-140,229498,203,280,multi,-11.5098027419,-1
chr3_5478,-139,229499,203,280,multi,-16.0669442649,-1
chr3_5478,-138,229500,203,280,multi,-11.9862345371,-1
chr3_5478,-137,229501,203,280,multi,-11.5098027419,-1
chr3_5478,-136,229502,203,280,multi,-11.9862345371,-1
chr3_5478,-135,229503,203,280,multi,-16.0669442649,-1
chr3_5478,-134,229504,203,280,multi,-16.0669442649,-1
chr3_5478,-133,229505,203,280,multi,-9.76265483441,-1
chr3_5478,-132,229506,203,280,multi,-11.5098027419,-1
chr3_5478,-131,229507,203,280,multi,-16.0669442649,-1
chr3_5478,-130,229508,203,280,multi,-16.0669442649,-1
chr3_5478,-129,229509,203,280,multi,-17.0641745974,-1
chr3_5478,-128,229510,203,280,multi,-17.0641745974,-1
chr3_5478,-127,229511,203,280,multi,-11.9862345371,-1
chr3_5478,-126,229512,203,280,multi,-11.9862345371,-1
chr3_5478,-125,229513,203,280,multi,-11.9862345371,-1
chr3_5478,-124,229514,203,280,multi,-16.0669442649,-1
chr3_5478,-123,229515,203,280,multi,-11.5098027419,-1
chr3_5478,-122,229516,203,280,multi,-16.0669442649,-1
chr3_5478,-121,229517,203,280,multi,-11.9862345371,-1
chr3_5478,-120,229518,203,280,multi,-11.9862345371,-1
chr3_5478,-119,229519,203,280,multi,-11.9862345371,-1
chr3_5478,-118,229520,203,280,multi,-11.5098027419,-1
chr3_5478,-117,229521,203,280,multi,-11.5098027419,-1
chr3_5478,-116,229522,203,280,multi,-11.5098027419,-1
chr3_5478,-115,229523,203,280,multi,-11.5098027419,-1
chr3_5478,-114,229524,203,280,multi,-11.9862345371,-1
chr3_5478,-113,229525,203,280,multi,-9.76265483441,-1
chr3_5478,-112,229526,203,280,multi,-16.0669442649,-1
chr3_5478,-111,229527,203,280,multi,-11.9862345371,-1
chr3_5478,-110,229528,203,280,multi,-14.2061523188,-1
chr3_5478,-109,229529,203,280,multi,-16.0669442649,-1
chr3_5478,-108,229530,203,280,multi,-11.9862345371,-1
chr3_5478,-107,229531,203,280,multi,-16.0669442649,-1
chr3_5478,-106,229532,203,280,multi,-17.0641745974,-1
chr3_5478,-105,229533,203,280,multi,-11.9862345371,-1
chr3_5478,-104,229534,203,280,multi,-11.9862345371,-1
chr3_5478,-103,229535,203,280,multi,-1.19862345371,0
chr3_5478,-102,229536,203,280,multi,-1.70641745974,0
chr3_5478,-101,229537,203,280,multi,-1.15098027419,0
chr3_5478,-100,229538,203,280,multi,-1.70641745974,0
chr3_5478,-99,229539,203,280,multi,-1.70641745974,0
chr3_5478,-98,229540,203,280,multi,-1.70641745974,0
chr3_5478,-97,229541,203,280,multi,-1.70641745974,0
chr3_5478,-96,229542,203,280,multi,-1.70641745974,0
chr3_5478,-95,229543,203,280,multi,-1.70641745974,0
chr3_5478,-94,229544,203,280,multi,-1.15098027419,0
chr3_5478,-93,229545,203,280,multi,-1.15098027419,0
chr3_5478,-92,229546,203,280,multi,-1.15098027419,0
chr3_5478,-91,229547,203,280,multi,-1.15098027419,0
chr3_5478,-90,229548,203,280,multi,-1.60669442649,0
chr3_5478,-89,229549,203,280,multi,-1.15098027419,0
chr3_5478,-88,229550,203,280,multi,-1.60669442649,0
chr3_5478,-87,229551,203,280,multi,-1.70641745974,0
chr3_5478,-86,229552,203,280,multi,-1.19862345371,0
chr3_5478,-85,229553,203,280,multi,-1.19862345371,0
chr3_5478,-84,229554,203,280,multi,-1.19862345371,0
chr3_5478,-83,229555,203,280,multi,-1.15098027419,0
chr3_5478,-82,229556,203,280,multi,-1.15098027419,0
chr3_5478,-81,229557,203,280,multi,-1.60669442649,0
chr3_5478,-80,229558,203,280,multi,-1.19862345371,0
chr3_5478,-79,229559,203,280,multi,-1.19862345371,0
chr3_5478,-78,229560,203,280,multi,-1.19862345371,0
chr3_5478,-77,229561,203,280,multi,-1.19862345371,0
chr3_5478,-76,229562,203,280,multi,-1.19862345371,0
chr3_5478,-75,229563,203,280,multi,-1.60669442649,0
chr3_5478,-74,229564,203,280,multi,-1.15098027419,0
chr3_5478,-73,229565,203,280,multi,-1.60669442649,0
chr3_5478,-72,229566,203,280,multi,-1.19862345371,0
chr3_5478,-71,229567,203,280,multi,-1.19862345371,0
chr3_5478,-70,229568,203,280,multi,-1.19862345371,0
chr3_5478,-69,229569,203,280,multi,-1.70641745974,0
chr3_5478,-68,229570,203,280,multi,-1.19862345371,0
chr3_5478,-67,229571,203,280,multi,-1.19862345371,0
chr3_5478,-66,229572,203,280,multi,-1.60669442649,0
chr3_5478,-65,229573,203,280,multi,-1.19862345371,0
chr3_5478,-64,229574,203,280,multi,-1.19862345371,0
chr3_5478,-63,229575,203,280,multi,-1.60669442649,0
chr3_5478,-62,229576,203,280,multi,-1.19862345371,0
chr3_5478,-61,229577,203,280,multi,-1.60669442649,0
chr3_5478,-60,229578,203,280,multi,-1.60669442649,0
chr3_5478,-59,229579,203,280,multi,-1.19862345371,0
chr3_5478,-58,229580,203,280,multi,-1.15098027419,0
chr3_5478,-57,229581,203,280,multi,-1.60669442649,0
chr3_5478,-56,229582,203,280,multi,-1.19862345371,0
chr3_5478,-55,229583,203,280,multi,-1.19862345371,0
chr3_5478,-54,229584,203,280,multi,-1.19862345371,0
chr3_5478,-53,229585,203,280,multi,-1.15098027419,0
chr3_5478,-52,229586,203,280,multi,-1.60669442649,0
chr3_5478,-51,229587,203,280,multi,-1.19862345371,0
chr3_5478,-50,229588,203,280,multi,-1.60669442649,0
chr3_5478,-49,229589,203,280,multi,-1.70641745974,0
chr3_5478,-48,229590,203,280,multi,-1.70641745974,0
chr3_5478,-47,229591,203,280,multi,-1.60669442649,0
chr3_5478,-46,229592,203,280,multi,-1.19862345371,0
chr3_5478,-45,229593,203,280,multi,-1.19862345371,0
chr3_5478,-44,229594,203,280,multi,-1.60669442649,0
chr3_5478,-43,229595,203,280,multi,-1.19862345371,0
chr3_5478,-42,229596,203,280,multi,-1.15098027419,0
chr3_5478,-41,229597,203,280,multi,-1.60669442649,0
chr3_5478,-40,229598,203,280,multi,-1.60669442649,0
chr3_5478,-39,229599,203,280,multi,-1.15098027419,0
chr3_5478,-38,229600,203,280,multi,-1.70641745974,0
chr3_5478,-37,229601,203,280,multi,0.0,0
chr3_5478,-36,229602,203,280,multi,0.0,0
chr3_5478,-35,229603,203,280,multi,0.0,0
chr3_5478,-34,229604,203,280,multi,0.0,0
chr3_5478,-33,229605,203,280,multi,0.0,0
chr3_5478,-32,229606,203,280,multi,0.0,0
chr3_5478,-31,229607,203,280,multi,0.0,0
chr3_5478,-30,229608,203,280,multi,0.0,0
chr3_5478,-29,229609,203,280,multi,0.0,0
chr3_5478,-28,229610,203,280,multi,0.0,0
chr3_5478,-27,229611,203,280,multi,-1.60669442649,0
chr3_5478,-26,229612,203,280,multi,-11.9862345371,1
chr3_5478,-25,229613,203,280,multi,-17.0641745974,1
chr3_5478,-24,229614,203,280,multi,-11.5098027419,1
chr3_5478,-23,229615,203,280,multi,-17.0641745974,1
chr3_5478,-22,229616,203,280,multi,-17.0641745974,1
chr3_5478,-21,229617,203,280,multi,-17.0641745974,1
chr3_5478,-20,229618,203,280,multi,-17.0641745974,1
chr3_5478,-19,229619,203,280,multi,-17.0641745974,1
chr3_5478,-18,229620,203,280,multi,-14.6618664712,1
chr3_5478,-17,229621,203,280,multi,-11.5098027419,1
chr3_5478,-16,229622,203,280,multi,-11.5098027419,1
chr3_5478,-15,229623,203,280,multi,-11.5098027419,1
chr3_5478,-14,229624,203,280,multi,-11.5098027419,1
chr3_5478,-13,229625,203,280,multi,-16.0669442649,1
chr3_5478,-12,229626,203,280,multi,-11.5098027419,1
chr3_5478,-11,229627,203,280,multi,-16.0669442649,1
chr3_5478,-10,229628,203,280,multi,-17.0641745974,1
chr3_5478,-9,229629,203,280,multi,-11.9862345371,1
chr3_5478,-8,229630,203,280,multi,-11.9862345371,1
chr3_5478,-7,229631,203,280,multi,-11.9862345371,1
chr3_5478,-6,229632,203,280,multi,-11.5098027419,1
chr3_5478,-5,229633,203,280,multi,-11.5098027419,1
chr3_5478,-4,229634,203,280,multi,-16.0669442649,1
chr3_5478,-3,229635,203,280,multi,-11.9862345371,1
chr3_5478,-2,229636,203,280,multi,-11.9862345371,1
chr3_5478,-1,229637,203,280,multi,-11.9862345371,1
chr3_5478,0,229638,203,280,multi,-11.9862345371,1
chr3_5478,1,229639,203,280,multi,-11.9862345371,1
chr3_5478,2,229640,203,280,multi,-16.0669442649,1
chr3_5478,3,229641,203,280,multi,-11.5098027419,1
chr3_5478,4,229642,203,280,multi,-16.0669442649,1
chr3_5478,5,229643,203,280,multi,-11.9862345371,1
chr3_5478,6,229644,203,280,multi,-11.9862345371,1
chr3_5478,7,229645,203,280,multi,-11.9862345371,1
chr3_5478,8,229646,203,280,multi,-17.0641745974,1
chr3_5478,9,229647,203,280,multi,-11.9862345371,1
chr3_5478,10,229648,203,280,multi,-11.9862345371,1
chr3_5478,11,229649,203,280,multi,-16.0669442649,1
chr3_5478,12,229650,203,280,multi,-11.9862345371,1
chr3_5478,13,229651,203,280,multi,-10.0917204169,1
chr3_5478,14,229652,203,280,multi,-16.0669442649,1
chr3_5478,15,229653,203,280,multi,-11.9862345371,1
chr3_5478,16,229654,203,280,multi,-16.0669442649,1
chr3_5478,17,229655,203,280,multi,-16.0669442649,1
chr3_5478,18,229656,203,280,multi,-11.9862345371,1
chr3_5478,19,229657,203,280,multi,-11.5098027419,1
chr3_5478,20,229658,203,280,multi,-16.0669442649,1
chr3_5478,21,229659,203,280,multi,-11.9862345371,1
chr3_5478,22,229660,203,280,multi,-11.9862345371,1
chr3_5478,23,229661,203,280,multi,-11.9862345371,1
chr3_5478,24,229662,203,280,multi,-11.5098027419,1
chr3_5478,25,229663,203,280,multi,-16.0669442649,1
chr3_5478,26,229664,203,280,multi,-11.9862345371,1
chr3_5478,27,229665,203,280,multi,-16.0669442649,1
chr3_5478,28,229666,203,280,multi,-17.0641745974,1
chr3_5478,29,229667,203,280,multi,-17.0641745974,1
chr3_5478,30,229668,203,280,multi,-16.0669442649,1
chr3_5478,31,229669,203,280,multi,-11.9862345371,1
chr3_5478,32,229670,203,280,multi,-11.9862345371,1
chr3_5478,33,229671,203,280,multi,-16.0669442649,1
chr3_5478,34,229672,203,280,multi,-11.9862345371,1
chr3_5478,35,229673,203,280,multi,-11.5098027419,1
chr3_5478,36,229674,203,280,multi,-16.0669442649,1
chr3_5478,37,229675,203,280,multi,-16.0669442649,1
chr3_5478,38,229676,203,280,multi,-11.5098027419,1
chr3_5478,39,229677,203,280,multi,-17.0641745974,1
chr3_5478,40,229678,203,280,multi,-11.5098027419,1
chr3_5478,41,229679,203,280,multi,-11.5098027419,1
chr3_5478,42,229680,203,280,multi,-11.9862345371,1
chr3_5478,43,229681,203,280,multi,-11.9862345371,1
chr3_5478,44,229682,203,280,multi,-11.5098027419,1
chr3_5478,45,229683,203,280,multi,-16.0669442649,1
chr3_5478,46,229684,203,280,multi,-16.0669442649,1
chr3_5478,47,229685,203,280,multi,-14.2061523188,1
chr3_5478,48,229686,203,280,multi,-11.5098027419,1
chr3_5478,49,229687,203,280,multi,-16.0669442649,1
chr3_5478,50,229688,203,280,multi,-17.0641745974,1
chr3_5478,51,229689,203,280,multi,-11.5098027419,1
chr3_5478,52,229690,203,280,multi,-11.5098027419,1
chr3_5478,53,229691,203,280,multi,-11.5098027419,1
chr3_5478,54,229692,203,280,multi,-11.5098027419,1
chr3_5478,55,229693,203,280,multi,-11.5098027419,1
chr3_5478,56,229694,203,280,multi,-11.9862345371,1
chr3_5478,57,229695,203,280,multi,-11.9862345371,1
chr3_5478,58,229696,203,280,multi,-11.5098027419,1
chr3_5478,59,229697,203,280,multi,-16.0669442649,1
chr3_5478,60,229698,203,280,multi,-16.0669442649,1
chr3_5478,61,229699,203,280,multi,-16.0669442649,1
chr3_5478,62,229700,203,280,multi,-16.0669442649,1
chr3_5478,63,229701,203,280,multi,-11.9862345371,1
chr3_5478,64,229702,203,280,multi,-11.9862345371,1
chr3_5478,65,229703,203,280,multi,-16.0669442649,1
chr3_5478,66,229704,203,280,multi,-11.9862345371,1
chr3_5478,67,229705,203,280,multi,-11.5098027419,1
chr3_5478,68,229706,203,280,multi,-11.9862345371,1
chr3_5478,69,229707,203,280,multi,-11.9862345371,1
chr3_5478,70,229708,203,280,multi,-11.9862345371,1
chr3_5478,71,229709,203,280,multi,-11.9862345371,1
chr3_5478,72,229710,203,280,multi,-11.5098027419,1
chr3_5478,73,229711,203,280,multi,-11.5098027419,1
chr3_5478,74,229712,203,280,multi,-11.9862345371,1
chr3_5478,75,229713,203,280,multi,-11.9862345371,1
chr3_5478,76,229714,203,280,multi,-16.0669442649,1
chr3_5478,77,229715,203,280,multi,-11.9862345371,1
chr3_5478,78,229716,203,280,multi,-17.0641745974,1
chr3_5478,79,229717,203,280,multi,-11.5098027419,1
chr3_5478,80,229718,203,280,multi,-16.0669442649,1
chr3_5478,81,229719,203,280,multi,-11.9862345371,1
chr3_5478,82,229720,203,280,multi,-11.5098027419,1
chr3_5478,83,229721,203,280,multi,-11.5098027419,1
chr3_5478,84,229722,203,280,multi,-11.5098027419,1
chr3_5478,85,229723,203,280,multi,-11.9862345371,1
chr3_5478,86,229724,203,280,multi,-17.0641745974,1
chr3_5478,87,229725,203,280,multi,-16.0669442649,1
chr3_5478,88,229726,203,280,multi,-11.5098027419,1
chr3_5478,89,229727,203,280,multi,-16.0669442649,1
chr3_5478,90,229728,203,280,multi,-16.0669442649,1
chr3_5478,91,229729,203,280,multi,-17.0641745974,1
chr3_5478,92,229730,203,280,multi,-17.0641745974,1
chr3_5478,93,229731,203,280,multi,-8.99571399291,1
chr3_5478,94,229732,203,280,multi,-11.9862345371,1
chr3_5478,95,229733,203,280,multi,-17.0641745974,1
chr3_5478,96,229734,203,280,multi,-11.5098027419,1
chr3_5478,97,229735,203,280,multi,-17.0641745974,1
chr3_5478,98,229736,203,280,multi,-17.0641745974,1
chr3_5478,99,229737,203,280,multi,-17.0641745974,1
chr3_5478,100,229738,203,280,multi,-17.0641745974,1
chr3_5478,101,229739,203,280,multi,-11.5098027419,1
chr3_5478,102,229740,203,280,multi,-16.0669442649,1
chr3_5478,103,229741,203,280,multi,-11.5098027419,1
chr3_5478,104,229742,203,280,multi,-11.5098027419,1
chr3_5478,105,229743,203,280,multi,-11.5098027419,1
chr3_5478,106,229744,203,280,multi,-11.5098027419,1
chr3_5478,107,229745,203,280,multi,-17.0641745974,1
chr3_5478,108,229746,203,280,multi,-11.5098027419,1
chr3_5478,109,229747,203,280,multi,-17.0641745974,1
chr3_5478,110,229748,203,280,multi,-11.5098027419,1
chr3_5478,111,229749,203,280,multi,-11.5098027419,1
chr3_5478,112,229750,203,280,multi,-11.9862345371,1
chr3_5478,113,229751,203,280,multi,-11.5098027419,1
chr3_5478,114,229752,203,280,multi,-17.0641745974,1
chr3_5478,115,229753,203,280,multi,-11.9862345371,1
chr3_5478,116,229754,203,280,multi,-16.0669442649,1
chr3_5478,117,229755,203,280,multi,-17.0641745974,1
chr3_5478,118,229756,203,280,multi,-11.5098027419,1
chr3_5478,119,229757,203,280,multi,-17.0641745974,1
chr3_5478,120,229758,203,280,multi,-11.9862345371,1
chr3_5478,121,229759,203,280,multi,-11.5098027419,1
chr3_5478,122,229760,203,280,multi,-11.5098027419,1
chr3_5478,123,229761,203,280,multi,-11.5098027419,1
chr3_5478,124,229762,203,280,multi,-16.0669442649,1
chr3_5478,125,229763,203,280,multi,-16.0669442649,1
chr3_5478,126,229764,203,280,multi,-17.0641745974,1
chr3_5478,127,229765,203,280,multi,-11.9862345371,1
chr3_5478,128,229766,203,280,multi,-16.0669442649,1
chr3_5478,129,229767,203,280,multi,-16.0669442649,1
chr3_5478,130,229768,203,280,multi,-11.9862345371,1
chr3_5478,131,229769,203,280,multi,-11.9862345371,1
chr3_5478,132,229770,203,280,multi,-11.9862345371,1
chr3_5478,133,229771,203,280,multi,-11.9862345371,1
chr3_5478,134,229772,203,280,multi,-11.9862345371,1
chr3_5478,135,229773,203,280,multi,-11.5098027419,1
chr3_5478,136,229774,203,280,multi,-16.0669442649,1
chr3_5478,137,229775,203,280,multi,-16.0669442649,1
chr3_5478,138,229776,203,280,multi,-11.9862345371,1
chr3_5478,139,229777,203,280,multi,-11.9862345371,1
chr3_5478,140,229778,203,280,multi,-11.9862345371,1
chr3_5478,141,229779,203,280,multi,-11.9862345371,1
chr3_5478,142,229780,203,280,multi,-16.0669442649,1
chr3_5478,143,229781,203,280,multi,-11.5098027419,1
chr3_5478,144,229782,203,280,multi,-11.9862345371,1
chr3_5478,145,229783,203,280,multi,-11.9862345371,1
chr3_5478,146,229784,203,280,multi,-11.5098027419,1
chr3_5478,147,229785,203,280,multi,-11.5098027419,1
chr3_5478,148,229786,203,280,multi,-16.0669442649,1
chr3_5478,149,229787,203,280,multi,-11.5098027419,1
chr3_5478,150,229788,203,280,multi,-11.5098027419,1
chr3_5478,151,229789,203,280,multi,-17.0641745974,1
chr3_5478,152,229790,203,280,multi,-17.0641745974,1
chr3_5478,153,229791,203,280,multi,-11.5098027419,1
chr3_5478,154,229792,203,280,multi,-17.0641745974,1
chr3_5478,155,229793,203,280,multi,-11.5098027419,1
chr3_5478,156,229794,203,280,multi,-11.5098027419,1
chr3_5478,157,229795,203,280,multi,-9.76265483441,1
chr3_5478,158,229796,203,280,multi,-17.0641745974,1
chr3_5478,159,229797,203,280,multi,-11.9862345371,1
chr3_5478,160,229798,203,280,multi,-8.99571399291,1
chr3_5478,161,229799,203,280,multi,-11.5098027419,1
chr3_5478,162,229800,203,280,multi,-16.0669442649,1
chr3_5478,163,229801,203,280,multi,-11.5098027419,1
chr3_5478,164,229802,203,280,multi,-16.0669442649,1
chr3_5478,165,229803,203,280,multi,-16.0669442649,1
chr3_5478,166,229804,203,280,multi,-11.4441398296,1
chr3_5478,167,229805,203,280,multi,-14.2061523188,1
chr3_5478,168,229806,203,280,multi,-17.0641745974,1
chr3_5478,169,229807,203,280,multi,-11.5098027419,1
chr3_5478,170,229808,203,280,multi,-17.0641745974,1
chr3_5478,171,229809,203,280,multi,-11.9862345371,1
chr3_5478,172,229810,203,280,multi,-11.9862345371,1
chr3_5478,173,229811,203,280,multi,-11.9862345371,1
chr3_5478,174,229812,203,280,multi,-17.0641745974,1
chr3_5478,175,229813,203,280,multi,-17.0641745974,1
chr3_5478,176,229814,203,280,multi,-11.9862345371,1
chr3_5478,177,229815,203,280,multi,-11.5098027419,1
chr3_5478,178,229816,203,280,multi,-11.5098027419,1
chr3_5478,179,229817,203,280,multi,-11.9862345371,1
chr3_5478,180,229818,203,280,multi,-11.5098027419,1
chr3_5478,181,229819,203,280,multi,-11.5098027419,1
chr3_5478,182,229820,203,280,multi,-11.5098027419,1
chr3_5478,183,229821,203,280,multi,-11.9862345371,1
chr3_5478,184,229822,203,280,multi,-11.5098027419,1
chr3_5478,185,229823,203,280,multi,-11.5098027419,1
chr3_5478,186,229824,203,280,multi,-16.0669442649,1
chr3_5478,187,229825,203,280,multi,-16.0669442649,1
chr3_5478,188,229826,203,280,multi,-17.0641745974,1
chr3_5478,189,229827,203,280,multi,-11.5098027419,1
chr3_5478,190,229828,203,280,multi,-16.0669442649,1
chr3_5478,191,229829,203,280,multi,-11.9862345371,1
chr3_5478,192,229830,203,280,multi,-11.9862345371,1
chr3_5478,193,229831,203,280,multi,-11.9862345371,1
chr3_5478,194,229832,203,280,multi,-11.5098027419,1
chr3_5478,195,229833,203,280,multi,-11.5098027419,1
chr3_5478,196,229834,203,280,multi,-11.9862345371,1
chr3_5478,197,229835,203,280,multi,-11.9862345371,1
chr3_5478,198,229836,203,280,multi,-11.5098027419,1
chr3_5478,199,229837,203,280,multi,-17.0641745974,1
chr3_5478,200,229838,203,280,multi,-16.0669442649,1
chr3_5478,201,229839,203,280,multi,-17.0641745974,1
chr3_5478,202,229840,203,280,multi,-11.5098027419,1
chr3_5478,203,229841,203,280,multi,-16.0669442649,1
chr3_5478,204,229842,203,280,multi,-11.5098027419,1
chr3_5478,205,229843,203,280,multi,-11.5098027419,1
chr3_5478,206,229844,203,280,multi,-11.5098027419,1
chr3_5478,207,229845,203,280,multi,-11.9862345371,1
chr3_5478,208,229846,203,280,multi,-11.5098027419,1
chr3_5478,209,229847,203,280,multi,-17.0641745974,1
chr3_5478,210,229848,203,280,multi,-17.0641745974,1
chr3_5478,211,229849,203,280,multi,-10.3588224677,1
chr3_5478,212,229850,203,280,multi,-10.3588224677,1
chr3_5478,213,229851,203,280,multi,-15.3577571377,1
chr3_5478,214,229852,203,280,multi,-10.7876110834,1
chr3_5478,215,229853,203,280,multi,-10.3588224677,1
chr3_5478,216,229854,203,280,multi,-10.3588224677,1
chr3_5478,217,229855,203,280,multi,-15.3577571377,1
chr3_5478,218,229856,203,280,multi,-10.7876110834,1
chr3_5478,219,229857,203,280,multi,-15.3577571377,1
chr3_5478,220,229858,203,280,multi,-11.8549542883,1
chr3_5478,221,229859,203,280,multi,-10.3588224677,1
chr3_5478,222,229860,203,280,multi,-11.8549542883,1
chr3_5478,223,229861,203,280,multi,-14.4602498384,1
chr3_5478,224,229862,203,280,multi,-10.7876110834,1
chr3_5478,225,229863,203,280,multi,-10.7876110834,1
chr3_5478,226,229864,203,280,multi,-10.7876110834,1
chr3_5478,227,229865,203,280,multi,-15.3577571377,1
chr3_5478,228,229866,203,280,multi,-15.3577571377,1
chr3_5478,229,229867,203,280,multi,-12.8535554119,1
chr3_5478,230,229868,203,280,multi,-13.6513396779,1
chr3_5478,231,229869,203,280,multi,-9.20784219348,1
chr3_5478,232,229870,203,280,multi,-13.6513396779,1
chr3_5478,233,229871,203,280,multi,-7.68383783736,1
chr3_5478,234,229872,203,280,multi,-9.58898762971,1
chr3_5478,235,229873,203,280,multi,-9.20784219348,1
chr3_5478,236,229874,203,280,multi,-13.6513396779,1
chr3_5478,237,229875,203,280,multi,-9.58898762971,1
chr3_5478,238,229876,203,280,multi,-12.8535554119,1
chr3_5478,239,229877,203,280,multi,-13.6513396779,1
chr3_5478,240,229878,203,280,multi,-9.58898762971,1
chr3_5478,241,229879,203,280,multi,-9.20784219348,1
chr3_5478,242,229880,203,280,multi,-9.20784219348,1
chr3_5478,243,229881,203,280,multi,-9.58898762971,1
chr3_5478,244,229882,203,280,multi,-9.20784219348,1
chr3_5478,245,229883,203,280,multi,-12.8535554119,1
chr3_5478,246,229884,203,280,multi,-9.58898762971,1
chr3_5478,247,229885,203,280,multi,-9.58898762971,1
chr3_5478,248,229886,203,280,multi,-13.6513396779,1
chr3_5478,249,229887,203,280,multi,-11.9449222182,1
chr3_5478,250,229888,203,280,multi,-9.44357488357,1
chr3_5478,251,229889,203,280,multi,-11.9449222182,1
chr3_5478,252,229890,203,280,multi,-8.39036417599,1
chr3_5478,253,229891,203,280,multi,-11.2468609854,1
chr3_5478,254,229892,203,280,multi,-11.9449222182,1
chr3_5478,255,229893,203,280,multi,-2.39724690743,1
chr3_5478,256,229894,203,280,multi,-2.39724690743,1
chr3_5478,257,229895,203,280,multi,-8.39036417599,1
chr3_5478,258,229896,203,280,multi,-8.39036417599,1
chr3_5478,259,229897,203,280,multi,-11.9449222182,1
chr3_5478,260,229898,203,280,multi,-8.0568619193,1
chr3_5478,261,229899,203,280,multi,-11.9449222182,1
chr3_5478,262,229900,203,280,multi,-6.95224803296,1
chr3_5478,263,229901,203,280,multi,-8.39036417599,1
chr3_5478,264,229902,203,280,multi,-11.9449222182,1
chr3_5478,265,229903,203,280,multi,-8.0568619193,1
chr3_5478,266,229904,203,280,multi,-8.39036417599,1
chr3_5478,267,229905,203,280,multi,-11.2468609854,1
chr3_5478,268,229906,203,280,multi,-8.0568619193,1
chr3_5478,269,229907,203,280,multi,-11.9449222182,1
chr3_5478,270,229908,203,280,multi,-11.9449222182,1
chr3_5478,271,229909,203,280,multi,-11.9449222182,1
chr3_5478,272,229910,203,280,multi,-8.0568619193,1
chr3_5478,273,229911,203,280,multi,-8.0568619193,1
chr3_5478,274,229912,203,280,multi,-11.2468609854,1
chr3_5478,275,229913,203,280,multi,-11.9449222182,1
chr3_5478,276,229914,203,280,multi,-8.39036417599,1
chr3_5478,277,229915,203,280,multi,-8.39036417599,1
chr3_5478,278,229916,203,280,multi,-8.0568619193,1
chr3_5478,279,229917,203,280,multi,-8.0568619193,1
chr3_5478,280,229918,203,280,multi,-8.0568619193,1
chr3_5478,281,229919,203,280,multi,-6.39681084741,1
chr3_5478,282,229920,203,280,multi,-9.40067386961,1
chr3_5478,283,229921,203,280,multi,-7.14402140831,1
chr3_5478,284,229922,203,280,multi,-11.9449222182,1
chr3_5478,285,229923,203,280,multi,-6.4673000056,1
chr3_5478,286,229924,203,280,multi,-8.39036417599,1
chr3_5478,287,229925,203,280,multi,-7.55209238109,1
chr3_5478,288,229926,203,280,multi,-8.39036417599,1
chr3_5478,289,229927,203,280,multi,-11.2468609854,1
chr3_5478,290,229928,203,280,multi,-9.44357488357,1
chr3_5478,291,229929,203,280,multi,-8.39036417599,1
chr3_5478,292,229930,203,280,multi,-8.39036417599,1
chr3_5478,293,229931,203,280,multi,-11.2468609854,1
chr3_5478,294,229932,203,280,multi,-9.44357488357,1
chr3_5478,295,229933,203,280,multi,-5.01312235096,1
chr3_5478,296,229934,203,280,multi,-9.44357488357,1
chr3_5478,297,229935,203,280,multi,-6.16198368382,1
chr3_5478,298,229936,203,280,multi,-11.2468609854,1
chr3_5478,299,229937,203,280,multi,-8.39036417599,1
chr3_5478,300,229938,203,280,multi,-8.0568619193,1
chr3_5478,301,229939,203,280,multi,-11.9449222182,1
chr3_5478,302,229940,203,280,multi,-11.9449222182,1
chr3_5478,303,229941,203,280,multi,-6.90588164511,1
chr3_5478,304,229942,203,280,multi,-9.64016655893,1
chr3_5478,305,229943,203,280,multi,-7.19174072228,1
